"12473","6677979","13928407","2071864","90.00393357189583"
"75681","5647739","89042148","1782839","18.005116021143095"
"2135","5189472","16080060","5344366","92.05874088444436"
"7769","2164584","41703456","3471967","89.7664011662313"
"80533","1123670","19243306","295773","87.6012031548449"
"92393","161291","94416167","2599228","27.261758121591807"
"6578","1928673","28711698","495529","33.16914316330072"
"17977","6201019","77592228","4908721","19.61858134079297"
"79740","9514508","33293691","7531793","84.1226603063763"
"94168","7385769","76885894","9540743","69.44899619673501"
"49377","357749","79577735","4400140","61.350710668535335"
"68342","7672931","43219985","1463776","74.96436501871338"
"27739","6363307","60920591","1490070","70.1544724981449"
"97476","8513914","76766089","9371088","82.23144988354456"
"55874","5427741","44585952","8121873","61.73599129061894"
"34676","6661195","45418116","6847123","35.263944967043905"
"5398","4683191","14202522","4934735","18.582518981328576"
"70768","7250530","4496596","7690337","28.891096567923512"
"3343","9600016","86311725","2815797","11.332218813351236"
"17249","8402563","23460117","5587686","56.059697722112936"
"4588","8590662","5849336","5955841","12.236245152200564"
"77029","571723","24547809","6570198","66.80139229503678"
"10525","3237618","84259974","7232565","53.334025167967894"
"69557","3071229","62905238","7321636","60.86590949513015"
"2645","1415999","71080430","6845716","3.608515176686611"
"31545","6548575","162249","9815259","96.25236983880515"
"66231","5425182","19877838","6292050","74.79969770753264"
"42769","6149963","19685202","149773","48.77172860226629"
"56995","8151069","78839788","4545105","89.77826365892831"
"36011","1900490","34915835","3487473","26.48887960945746"
"81605","5740637","74535026","5808653","98.40565923356303"
"90627","2312419","17623502","5690642","61.50428355276113"
"36195","9854890","24405964","4288802","65.05731868167173"
"69283","7095034","636162","7018537","40.062467594111354"
"39882","2587181","84632616","8986348","89.32593185415007"
"33248","8341340","93878921","584724","21.374683105530814"
"69851","6306629","17648274","3110869","40.152298505546014"
"44053","2855519","37071169","7369320","52.71058391355383"
"64895","3537788","4033971","8725045","65.49038826164902"
"74887","8010542","44478398","3575977","41.080434762202266"
"33325","5398173","47917","354009","89.77698004056911"
"27869","2830124","16388898","8894381","84.52612596209448"
"9963","3727132","16645294","4385166","25.21578337184578"
"56695","3763615","97373144","1469149","72.6684231453856"
"86612","9894835","31105920","9139252","4.8265897167846905"
"60404","6753856","86673184","9607948","7.100564298862522"
"96780","9610233","75080164","7385684","75.53718561992146"
"36113","5489307","16615512","4589269","23.470491248711976"
"48030","5848232","12783164","4689248","16.820159546795843"
"40654","8419402","93628219","2608313","43.27689951830784"
"83749","8858281","33405793","6974464","64.36448210271341"
"98366","3007511","5604693","6296158","19.521624398919514"
"67936","617014","88001635","8088409","31.67382207302539"
"20402","6710947","81890975","8503533","7.913667888756015"
"23083","83732","87113333","5784063","81.06565581406792"
"12925","569783","49664556","4134159","0.681093026395696"
"61586","803828","52401900","2433151","53.7694073539374"
"23258","4407473","39580425","5433612","71.46098419210118"
"22568","7019374","29869678","3740307","5.330325897365373"
"45618","8813845","73752619","5389064","9.33398664653"
"72094","5735586","45762795","6796607","48.17089599931255"
"83029","6625545","27859939","5062088","51.42388576823206"
"73555","4037473","50714908","1124947","22.325161876298026"
"79975","4799955","2038069","2964162","63.64113575427258"
"82153","1266731","66152113","7934442","73.84973941264128"
"10026","1520834","99842540","4157900","91.63300045495058"
"26635","6535007","69214675","8199941","10.39269615108135"
"42427","4416278","44868747","1512137","88.48659843236864"
"22942","4247737","7635997","5877743","14.514555130641183"
"66755","1254310","52579720","8121127","27.7117100270319"
"63014","854849","87889032","7022477","56.60642888822488"
"20509","1064217","4075465","6758153","91.27357026364855"
"38463","874585","32660216","7813978","63.4265906724916"
"2895","40891","46393027","5035405","58.58279648790694"
"35775","1087198","54337130","3970424","79.18348726624056"
"90799","6920819","62072119","3477168","34.18691086184289"
"20659","6811117","31790531","2962792","81.27199652902584"
"50902","5410778","73572754","3027542","95.1868739329499"
"16219","4454224","66055742","5568097","73.09892342337128"
"32654","1561709","7550697","5022062","74.12984183372137"
"46060","5790841","58770553","5014854","34.11985680339532"
"37372","1227242","83202711","7496891","83.85703807607673"
"90986","7832883","63974949","2131258","10.397491290371763"
"14770","985025","15515003","5161270","0.5012195436565059"
"75271","3575905","57911632","7943255","36.76322579343632"
"12668","7876266","87028697","8808215","35.957732891817095"
"16100","3053670","39759449","8714628","89.03875738711695"
"68748","5684188","10310357","3392891","86.55972171416806"
"60009","4334124","33611383","3688812","27.709659445707402"
"15884","3548389","2636943","5725992","48.6724564734313"
"78699","8808904","51434478","3672082","54.833072321673356"
"4489","2179485","37064423","9518581","51.222454313961585"
"29667","1093315","61570776","5448714","16.638498987087182"
"27999","6370748","32384213","4737997","99.96950338259987"
"70350","5094653","47121044","5063755","34.01414490458784"
"15628","8205076","10697580","8108762","37.22758706560526"
"58574","7670451","52391638","3127976","81.56795900500111"
"69116","5667681","78606964","8648774","45.79444157506198"
"11779","3427624","48344914","3861350","98.85728972631888"
"54006","69444","72423081","6519205","17.547552836674598"
"13645","5109479","58563086","5721455","51.275829726793596"
"6250","2224086","49329565","1604856","39.432557207796435"
"31658","5007919","35522635","8258220","45.49069335883771"
"35361","9212513","61891886","4009427","44.771504962634644"
"33520","3023856","83328280","5583097","88.69340221862781"
"27143","8141490","80497580","2047015","31.754044934951942"
"69647","456058","57617532","4695609","91.6602983061304"
"51487","8277395","68128659","6878370","57.88264929046324"
"45582","591294","80279622","400530","93.0430150206362"
"28459","1060317","94632936","3398842","96.69922997825734"
"16743","600500","8115579","9159484","2.6972432408816083"
"56638","5591346","40818234","1517009","57.43814632958533"
"84553","8287205","31220834","8953467","62.41535963460561"
"1544","3995856","88411456","7146363","58.880664759581414"
"54289","2277770","51799607","3940276","26.300005369064085"
"17029","8519817","12199954","4535011","53.61631367552786"
"46924","7157081","68685939","8255907","4.283531215803649"
"12395","538199","21006606","5940948","79.57346972262602"
"67093","840680","90026941","2866097","60.98171480988499"
"26742","4020628","11065425","9131100","81.92789751553295"
"34607","194738","5709176","4457964","49.126523922479905"
"69498","5013071","24589270","7918356","83.634774716614"
"80391","4532799","78267888","7736217","99.14641904521788"
"24365","4503747","374327","856323","68.59515002837749"
"78000","181993","20989481","6835821","11.885687553797819"
"36214","2931305","6782982","2603048","83.03774278120869"
"6691","7368514","70795342","6113377","73.74627390296152"
"99262","5167541","93935568","333855","11.684576330724038"
"39194","2114586","66474427","6856235","57.4034537193728"
"58266","4783461","21885623","8722532","72.7250736716023"
"3280","7081125","9577392","5977168","97.33500633454358"
"26170","5988861","59071921","4859707","25.03617843438637"
"45600","2398913","78302108","933727","59.294387949812545"
"52985","2038360","35340649","285624","41.38152808987594"
"34272","4897757","93463817","7596736","14.07123093445758"
"91049","204385","20937401","5115619","69.8640688419794"
"37665","2201086","12062769","8685747","96.87442573522576"
"21378","4324584","45254601","654972","53.4944412887604"
"26509","5577700","64479269","3559646","88.83846766182508"
"42831","8002327","72962256","3523300","73.61036649580183"
"74789","2326738","7416478","292357","11.824927981547685"
"89854","1047051","81757549","9415461","19.71581775886333"
"45341","7578610","37889898","370277","33.13704428376341"
"76362","3005959","5259945","3725841","7.216325786701283"
"92221","9321439","83497340","2014883","45.193980565510614"
"92046","2352332","11193748","9389581","80.05906096252228"
"67261","6124357","81469081","583015","14.76629336376315"
"8945","6541325","62272130","3061753","60.43165989412509"
"33445","5703084","43744419","6291214","96.13813076561168"
"20432","9616518","6726122","2093872","78.85796473782844"
"77768","2679899","72638604","153861","17.55376835078103"
"91637","444852","24575458","8987186","20.11505203939383"
"18820","8852832","50452705","8344761","86.483533131052"
"30586","9813416","44515137","6947306","11.685097251107802"
"97856","8217779","16768248","5696050","8.501475356115318"
"48386","4786685","68870489","3489682","18.68592166296146"
"58281","191363","65761471","8613320","79.7362732936906"
"93149","2994544","66629207","9004475","72.57127535546377"
"41937","16401","61531435","9991157","32.7073793179077"
"29821","530966","6319170","3813745","78.96946764061875"
"50478","4212032","29931586","8607441","89.59741754701682"
"95074","4767152","78879381","6110724","24.887295984337886"
"48756","2396855","2211021","2056613","91.28376399264741"
"77574","7093667","82265730","3869290","37.63412608497144"
"34679","372262","95263910","7830302","21.33910318134641"
"17038","7692813","78324429","4815176","61.14370913170662"
"61640","9509165","3155106","8768299","64.23228835028473"
"86710","6874746","91601993","3947671","82.2525401324626"
"27986","7766115","99090979","216810","19.573757457281772"
"91968","640827","51621369","1275500","5.733871120120693"
"33177","1550458","66230596","8875332","18.848818776929644"
"67840","3557855","28881614","4502617","86.7242116136124"
"64311","7489288","37328042","8970528","47.99938324551915"
"78607","5441603","24121090","6883063","50.29006800462636"
"68764","1758953","5595884","5326524","94.71948793915725"
"81939","8060365","5227286","8486285","76.38003914328986"
"67656","3179081","59443360","3518564","2.959744074156123"
"72030","5561717","78197971","5243508","87.51653047989817"
"63494","4773033","36522805","770648","77.33602017695246"
"5517","1482156","94782986","1249879","44.95427863795521"
"45056","391418","55070073","292400","64.20665501882628"
"44781","3189643","19035267","4931896","20.679152848224202"
"28742","9420255","70090112","3546495","20.133191991872323"
"98985","4864606","43340163","7701443","36.14027381591588"
"42195","9745586","90406554","6862401","80.73131786389287"
"74543","2819340","925056","2308498","22.18938503729575"
"92647","4756414","49708359","9937833","38.233608275000755"
"84300","1581187","73517867","8816190","25.90661837408177"
"68698","7024123","3725143","9201146","47.995056740213236"
"62728","7664485","86575107","9445715","37.65979321546582"
"34410","5061223","72332040","2573140","60.997747752321644"
"93761","7058097","25230719","1990885","75.36735460841078"
"81577","587388","16523463","5797526","94.80040389952322"
"14703","7687687","74904030","7496","58.805430420692005"
"83017","5461059","95026826","3466087","41.320719423270546"
"17757","943121","24452500","3532261","87.34345723368423"
"41837","5988110","14273487","5634264","3.062280141634288"
"55944","3220614","33674331","4423856","82.70632848025173"
"33621","6078412","99820092","140844","6.434151918811359"
"91743","2052689","69218780","7023806","97.38887627381114"
"93069","3697789","91408858","3727937","99.64791870379494"
"13118","7383767","21026561","4363131","53.27246547380372"
"6395","8496076","66892024","1047694","64.74001839055661"
"47215","5914974","68861152","2953473","33.83331973237209"
"91691","7254851","57965473","2942676","68.41991666038456"
"56838","6394641","51270990","854157","38.04475991480841"
"84257","8470562","28818114","904154","27.987669331258026"
"57024","5095592","5947398","5309331","31.5555253196643"
"36258","7429713","49371875","3549401","58.23616880597804"
"74465","442540","26084732","8040056","28.80557652296394"
"30056","620925","95055752","7300607","98.22947199879812"
"9072","9849697","24181835","4980712","72.18904640885941"
"7273","1361607","96288556","7136408","46.74253454245771"
"90841","5336645","44444735","9654214","65.89806924656509"
"9002","7828510","40689890","5813455","89.01001664689406"
"9350","7286846","32322056","3610824","83.32585678269581"
"32781","4948663","33978001","8550426","0.7510342215141685"
"54753","2787417","94912388","7038765","19.45440704770701"
"76092","7382811","58302396","8044125","22.268356416838408"
"35125","1475760","5683342","424029","57.60826487670631"
"49158","1104496","93003884","3009045","58.056653597231254"
"99110","9988019","30647769","1637851","67.16808524409994"
"44056","4603908","43491356","5612416","8.315474439913784"
"54397","5398543","42236772","3530092","98.6197981129345"
"29739","4413619","76566876","7171089","82.80336906579937"
"78286","3157612","93680294","5372059","32.92612468049696"
"46060","4351630","93349861","7250616","74.60217039716674"
"23538","9019659","80280073","9698831","38.54231947990344"
"66319","3558669","38506427","7847820","89.78471778636955"
"31860","8360908","59878116","7530188","19.82257564364678"
"35107","5537327","16439154","7119517","10.928808338214314"
"70416","3756516","59070093","9127315","91.45749958070334"
"90380","8736442","43537306","6573411","93.98079193065226"
"15773","3656104","46682770","1012825","16.745009778709164"
"57398","1865875","45690173","6472005","93.56888144787547"
"63284","9240054","80783888","7457519","25.976446317228575"
"89582","3848769","36302221","6785231","28.916851207899054"
"21297","8065614","68538404","3530423","47.022075507368676"
"73333","4300683","69541284","1906043","45.798304614577454"
"37503","7803637","55441031","6291463","99.82935766419996"
"8022","8080180","58977644","5122594","33.97297912062941"
"88024","8611913","67397950","2476964","88.69511571804823"
"65022","6359384","55348901","7571720","13.419602599906643"
"98418","95279","86047863","9553381","46.71738187014615"
"7987","3392877","58582797","6526217","75.27232046774198"
"91903","9537053","67917431","1981930","63.841248633395544"
"92804","3502816","64748706","8923500","28.214983592890487"
"36787","7326028","40336056","1293184","48.638994553152294"
"30248","5596113","37862924","6322123","61.41195314681946"
"4657","7644038","97885208","4923932","11.849626453451368"
"47562","8305781","94116638","7541796","48.76612934653976"
"65735","3914639","94041651","7483640","11.375771349440955"
"97961","5029775","28341380","7556232","23.99182222570775"
"28094","5556283","97382619","6265302","0.7127876014232926"
"93190","2435732","98118271","5702501","93.95750149395454"
"28503","9217045","53724326","7669207","79.67019539646222"
"44542","8137953","8019923","9230841","0.9635923968063342"
"3864","5756844","73972863","8140589","71.34726351041115"
"56226","9561419","81924830","3780702","83.4045466708655"
"85748","5771868","1453904","7731416","33.44160873200267"
"64136","6801755","50912437","5426711","8.529952695623876"
"77806","3605996","86693897","6433571","37.30144824877918"
"4239","1732715","51148280","6830739","92.84424583571692"
"76540","9366773","85259650","4983773","56.131766207794556"
"52851","6162108","15779560","7765546","30.392107544484592"
"98267","7926569","94204590","6352525","96.99143336653316"
"43541","9288683","69268760","2470800","48.435796170003364"
"61367","4352549","10989109","5662911","26.7682882483107"
"78455","3672603","34681884","3192168","72.95994518267223"
"52087","4116840","69337779","4690662","0.692959385564873"
"40121","7903801","67450330","2137853","91.22742525390194"
"36171","6663917","10253721","6065761","88.98851111370827"
"88406","2765407","22861939","1552537","16.181504802639168"
"63547","4584028","8854695","5877800","50.26694212588251"
"75303","1155938","77934550","2682614","37.17289273529942"
"2261","7413476","69110284","2336905","87.0317157670306"
"55483","1573872","18191338","914009","22.53453102212394"
"23291","9906605","15389988","3396243","33.366005771511865"
"67513","4768473","75322973","2348359","62.264639867280735"
"95727","3002098","84505812","3282461","85.25512329525904"
"56827","7886967","91988758","6656215","79.7785613885761"
"87715","8942003","45913995","2873959","56.12171668403101"
"67375","6856624","36552764","9766830","37.55982662926277"
"14505","355983","59666144","2053990","63.594881656130184"
"36500","7362080","5684712","6816657","35.72488227489761"
"96477","1264440","58861259","8671398","66.2772352768964"
"33783","6546269","82945142","3648668","89.09623738171003"
"20658","7575945","10986377","9379409","32.74339605510269"
"73328","4252763","28224108","9033753","37.374755067403974"
"30664","5631674","22658329","1085140","49.06214637789469"
"20165","5805815","56034316","5883253","25.37075506675841"
"10639","1993404","60162389","7618089","39.08393588005049"
"37474","279448","1325444","7316692","2.8897151007853172"
"74048","7827111","99057079","5140280","65.31325611471054"
"65338","8858743","2944460","7358786","57.93935496014224"
"90488","2273329","68537695","5145183","2.4611836395018294"
"58055","2091056","71721526","109568","42.615678173748975"
"70880","2794800","58678041","4534117","57.65421925962334"
"80313","2813484","47535401","6821465","42.57906186990519"
"23839","3615797","836290","9626986","41.97378306152868"
"71647","3774152","61480456","2213873","34.69967643654446"
"65336","9681921","52928047","5251558","77.70027653853643"
"50677","2141891","87232817","9095780","54.3881106109944"
"37315","1128520","96702328","5533276","82.96660574857047"
"21599","5125027","924395","852330","6.2604213902825006"
"12080","1732862","47436988","6929137","59.96961392234007"
"31901","1671751","82030869","8502449","8.043757424352815"
"39815","6275908","40278768","7436716","32.88402684836688"
"89920","3388595","98150824","2285551","23.593588391276434"
"14079","2010716","49066871","4689539","4.688813300236349"
"48259","8667663","27567005","9930461","96.04225837253338"
"84791","7103918","54509488","3908046","38.64602686882467"
"60147","6516598","2075661","4114690","69.02027117171092"
"7128","9150573","13119012","1793760","83.97418945324381"
"36292","1141228","42748138","510096","80.74533782173737"
"94066","8417887","12619603","3927608","47.09006953758295"
"83864","2641786","2941798","7483380","30.88378016878798"
"57593","5609410","57632034","285533","42.43620548915087"
"69940","1647198","90819559","3747442","48.6156116917235"
"25155","9376211","98421483","1228112","58.00593631740348"
"6377","2050915","54315181","8579700","77.20475038177102"
"52360","5706864","22594857","1004708","0.8676467155471546"
"53059","135639","20108297","434284","11.07788387266595"
"95390","4380134","99075270","947376","18.857291298650892"
"76762","112803","86176322","4846168","74.87496246184556"
"91415","1467853","18713355","9071084","33.67264005621998"
"32700","5194621","52320270","9232363","67.51473556062192"
"45664","49943","24717100","4026209","36.3212248482523"
"81211","2264001","70785202","5023571","28.820844184659546"
"39456","2017585","70904693","9228866","42.640925027814845"
"41728","4083045","25087936","4320669","40.91575603504889"
"80978","6418761","2641693","5275297","49.759858675711875"
"96659","5437331","9085043","7946301","94.08766678668447"
"26536","9180598","73426862","1725636","75.15999541886758"
"78670","9328473","59279025","6513075","18.281921348060514"
"69509","4993149","69548822","6303902","60.6639594185993"
"27237","558468","74623397","8454608","71.31501497158645"
"12574","9175288","95201365","3726177","32.32107558097053"
"32188","6046483","81197567","2826014","46.343534396492956"
"85078","57242","83144139","4757944","82.9092781816297"
"52174","7155919","60307154","6644581","0.4686738575430782"
"68444","9539926","31926054","2976411","81.61310194091837"
"71901","6225024","46055184","2176978","48.482278701990424"
"60970","640934","3081197","6066755","71.34202756639758"
"71043","9317187","97797293","9166651","18.96354239322261"
"9251","5530800","41524148","2183365","30.012269348156174"
"32956","2801151","68627798","9927431","40.954876797536045"
"70449","5662475","60481508","4747204","0.7608504483336942"
"29686","643198","34171861","239409","48.45676688579532"
"90593","9108520","47806254","6814406","26.262842540164577"
"59838","3810208","66769931","8308723","35.597945999485546"
"85413","7161940","34126741","7006256","3.788234517423039"
"58449","4766003","44695185","1117173","69.32390224137978"
"50177","5927709","16462421","8021882","93.64868074497936"
"8294","5886708","1001234","5681503","75.2730514806376"
"72141","6776476","75179953","9276717","85.62385322683124"
"23844","4878100","52126114","3364726","52.11957271096341"
"15588","2238499","6290875","6899763","42.17633357880606"
"14950","9032224","75758815","1861785","76.9295276264931"
"16839","7057297","66532577","1466040","30.247159031254167"
"29897","3780281","48469958","71745","93.3152275321413"
"15638","5349180","32783765","2700043","31.862684621980108"
"56710","1640488","91957016","9708921","3.811720090894677"
"37970","3772229","63102477","6394139","98.76402165081139"
"44456","1860294","95153754","664549","61.039232407249"
"51556","295040","64856592","3718294","22.337024252375247"
"53087","6053232","66731518","6978804","60.39519979173741"
"88802","4345348","66436339","9677480","38.651303298630914"
"88443","4838571","68707496","7318316","22.52094266784158"
"59000","7819997","6323627","2040404","62.56256000775694"
"41372","9706979","92623764","7783192","26.173116661510264"
"10987","8949076","65222405","1004792","98.29374527452359"
"18734","3727811","11744539","9111640","56.808760189057864"
"14241","8603231","22946297","9320042","88.81555256943916"
"50105","9628985","23357020","938958","98.26284676454537"
"80166","451251","96419621","9120946","67.01256395497978"
"65822","8672785","98455296","6765929","44.14388390285788"
"3440","1147242","74879837","3534188","49.551323248909476"
"90022","5845299","71939358","4428951","1.468797602783145"
"93418","7665499","79360103","3801413","53.25257540125132"
"56956","9807747","46476102","1151828","15.7635238387543"
"3318","3244285","10185421","68630","14.490455419004256"
"47618","7589724","40751009","7797713","58.21772438795314"
"39220","9185408","10516179","1702824","97.76314621644163"
"23208","3227313","44577598","1242827","80.03630482010757"
"62184","8314864","97771408","2803725","0.35626746002490606"
"8801","8065737","42209136","2517234","85.0993990167916"
"57856","1055118","22927905","8169375","98.39347291037008"
"11928","158877","89129820","8516347","82.33647690435755"
"30779","971702","82510497","4706510","14.2508750647798"
"55736","2713751","6624586","2976669","49.145226955384594"
"92495","2637692","96932983","4384416","38.277676900319555"
"9362","8586356","88246343","9088134","24.993259860039263"
"36730","6309450","33083148","4777755","21.74062300786006"
"24786","1079524","27359556","8870837","84.87209524325868"
"69346","1050944","74232648","8621095","30.17512332222443"
"69736","9647231","593680","1978800","97.04330600343087"
"78756","6372906","23865906","990331","36.34317200173543"
"21740","4539684","61500155","3331152","93.45513316495658"
"34845","3456945","54377465","7556162","43.26392117923087"
"29012","2776176","79593030","552300","17.15168058981037"
"13904","9072226","86283581","8916741","41.69506623429691"
"81395","5716809","44814022","6461166","46.11002258545527"
"79666","3041565","69533373","8166285","29.329887541620415"
"43344","5015161","8822701","9883290","10.64069691258549"
"46622","8302482","68000018","8843440","68.81164071015363"
"78683","6434411","10250302","3040702","44.18058105634939"
"22963","4227459","47352669","9372411","49.7674512995853"
"75983","7178745","69709824","4043441","84.57776872380569"
"12071","3645605","17640910","2808511","80.22598248635508"
"34774","608476","19704048","9903612","94.86644389938546"
"64256","5112007","21247038","9087188","7.460765371848776"
"19671","2384585","14727134","7565902","85.00544978583135"
"42056","1326885","93256953","5175844","39.32674823799639"
"44777","7125867","55441567","296531","15.541256802600511"
"81662","3986983","15279648","2215652","18.300896711048587"
"12534","8508484","61512216","7630147","57.85623289510203"
"3406","6785648","16822429","8412680","84.7299154503555"
"51544","9419082","26582158","8443742","63.23829168477057"
"63503","546991","22850501","2869437","5.824318167200704"
"28047","8356000","73755744","5860564","26.397957736553234"
"40122","9568743","92304163","8108576","30.3376979536348"
"94667","6093737","73101163","6979404","82.23216762332424"
"57713","3619024","97912811","4792212","32.323459072018714"
"27834","2602814","70880513","8338825","7.662164070519895"
"50805","3367908","64673281","6172212","50.30883530552701"
"49530","339464","81464462","4036270","20.250719542895556"
"31882","8341503","49359019","6152304","27.361211511658645"
"65156","2705777","75471824","8129963","3.388804912351595"
"8498","2118567","78539746","4024380","66.70946149468122"
"10523","9999932","84244408","1102776","93.05917384279253"
"58891","8706034","36377656","2086763","94.34273336022784"
"12633","7190972","24086507","9062535","30.89748815100397"
"74607","5501325","77573999","9145634","82.79793299082581"
"78908","8300842","38834903","5716863","93.28153067857828"
"77968","9896801","44488350","2013553","43.55941366194327"
"25978","8113304","82521467","4539307","15.723727791008901"
"71733","1049944","65092104","6677124","54.462458337373334"
"64742","7534602","69233088","151482","38.59772994049975"
"24541","2184006","28261251","2025855","4.485198643182753"
"65030","944172","2034037","1024807","45.309135640836764"
"91574","1359851","17211274","738800","23.538908379095723"
"603","7908390","63889138","4305538","61.974696848005436"
"87073","7181725","52446440","554470","17.468667176308806"
"92532","5515155","32317267","2614350","51.491527617671316"
"27565","7916555","2748170","2525095","57.53705564187808"
"16215","5263385","16960344","7709330","0.9838403725474398"
"55765","1736741","84300263","1202694","24.202623324639926"
"11541","7488155","48230110","186100","54.87294965933602"
"61952","4940192","95358614","4848731","82.97918622956259"
"60497","9577617","75562501","9138183","44.527189243965246"
"47740","4804126","9273205","1954325","67.46611896943567"
"74389","6585345","46640615","2052654","66.35065993958563"
"98495","5735666","7063290","6662968","93.95402513631768"
"61262","9993720","7672993","2841236","91.7197002416572"
"68745","4034848","50712534","1026689","63.674891931605174"
"16822","7748615","48382869","3825050","49.77575350043424"
"73261","7288568","27083713","8642731","37.86297983303596"
"65793","6039513","69614721","6450617","87.35953588178917"
"56716","8095313","15273059","3037275","96.51255408111"
"69341","1424101","72324868","698661","91.8954655456745"
"90814","391181","82527442","3028317","10.982036949884789"
"64751","7276089","39065962","2850163","22.30951993484315"
"66028","5849993","99245412","2977092","39.43711787165769"
"55243","9800303","64438102","8248012","15.939496603717085"
"48405","8376497","26171167","3938088","57.691733733856175"
"40972","2240980","95159170","371000","88.08065347851674"
"47442","8776998","16169301","1427845","64.90757986027006"
"44646","9687710","11646633","8703627","0.627851033335125"
"36545","2592917","38887765","7447605","60.125573833550035"
"95233","1861585","66065039","3680631","9.591722529826562"
"96007","3670174","70006085","6302099","50.044088046128834"
"38792","6739894","60004639","9483446","66.58352101093604"
"75607","7250405","6602515","6158261","76.3948548159787"
"34726","6753791","3665338","4581210","57.71638407619912"
"8569","4155329","13964178","3354828","65.45246608721762"
"39066","7604226","5746840","9492283","55.48231921805063"
"47628","6152967","20737705","6783905","17.588459472652428"
"36233","8819480","4330319","9142148","30.444509434465814"
"23348","2287482","17745327","5165751","3.47528936322985"
"32857","6303258","76937081","4781794","95.13115024822427"
"71127","8424793","5337050","6785408","89.87513351705095"
"93734","5513600","5896059","842962","12.115261112874109"
"58409","1526797","30057950","8939462","23.417675401966086"
"21301","343967","30772750","9789526","45.152067526636465"
"68469","5698203","27749792","2783135","31.609322300044184"
"6693","6894862","51198364","5723704","4.661658673311764"
"45368","3959543","73902742","1337761","10.691239403325481"
"76283","4826255","55572604","3769974","58.3052686430163"
"56367","2519378","15031770","7532526","78.23980727438806"
"40415","9716919","43388020","1474381","87.80551285487124"
"71445","6773664","91348652","3472214","93.24083430202663"
"14213","8145878","73587713","4967309","94.76291350241475"
"43220","841497","4562513","5190032","4.687372859334127"
"20177","7028556","92057188","8138002","92.28900344441978"
"85525","7702931","22784440","8374794","20.654252509089467"
"95610","8972202","93670735","8104666","38.1752296555809"
"5195","7545337","81003443","35143","27.640672942085697"
"57093","210688","61633075","3382585","60.30468710351623"
"10661","9925724","20787413","9514345","36.62812715197569"
"89027","3010233","2845872","6620463","0.9456364278009111"
"95535","3053429","13980375","8469561","44.64347564998944"
"25162","4614559","28270692","3305006","97.76153719588365"
"12857","6915142","42916865","5124886","19.063469284332925"
"82195","5410759","22868530","7217118","53.05451567925873"
"99819","6638744","49770310","3593033","29.54367896952891"
"9701","6188451","53232488","8356820","19.261830147104874"
"31288","9295160","72584831","9096182","25.185218687096047"
"91947","7542612","8176022","9198162","14.058440251366966"
"84556","5157225","17322653","9796215","27.84509583049418"
"17932","8282801","21109387","624137","60.42188877699951"
"98013","2243461","38952438","1949617","26.379639135635568"
"78868","7058031","867940","6929522","89.59140056441277"
"65254","3432763","99044006","5921019","18.461232181355193"
"99643","2663159","16600262","4315856","2.4353253536416153"
"98554","5089774","56308504","7533105","59.83590338566997"
"91877","6311243","56339508","8383821","70.88654515075852"
"73981","2191790","8900268","6740323","44.277762257365694"
"47281","7210396","97145732","4240694","52.542549990956985"
"82806","9479262","14443643","8168093","51.34246899764875"
"87030","1977460","85629555","4872413","17.2597318205844"
"65992","1914859","70711871","2211675","60.298593556013145"
"26608","1927171","34472801","4090002","65.7912680691402"
"8263","6452909","43999318","7708436","88.98286490249505"
"70562","6641936","76459039","4054726","95.60384691179819"
"97071","7047012","14362350","685032","7.130773606323881"
"29660","4182278","9280748","537925","18.52665165224868"
"50296","537817","85025775","5995569","82.05141549527457"
"70400","1806215","93796502","1530121","58.54009025926388"
"96055","9876491","34425767","4747786","32.4896466693264"
"2298","840039","1108089","7398492","97.9308201699961"
"73132","4526331","93931905","8056432","14.822830508479468"
"79134","9601805","75332741","4474365","31.54038510559224"
"86153","4689771","70867345","1348524","96.52515331792209"
"16592","2031234","734693","2647766","99.39286815509126"
"1276","5926301","90164440","1161936","56.87260208392488"
"37119","5659621","376117","2688093","43.88285108799007"
"74798","4577187","19417144","5036042","83.1234650930058"
"20848","7066020","40418054","3347135","93.29209852839527"
"47589","7611367","50285052","4171035","22.42558616573307"
"9008","7486292","7481586","7728544","4.8799902611744495"
"32478","7234253","94278154","5777135","0.3285788906828291"
"56159","213795","57419621","9608453","37.640827593955095"
"28271","4360956","87410606","2171728","91.56742577363106"
"93180","7079538","43850482","3016411","20.834429779061704"
"98208","7574466","31169547","2554683","19.97233758843806"
"63385","9043207","14830166","3551256","3.1086265314981265"
"4365","8096797","16448041","7127131","34.15533547488536"
"49475","9398248","63460885","3150728","72.99425334488258"
"24962","5360606","99538078","7619739","2.1713973711160905"
"79701","3735756","43521462","1786539","97.7533371701854"
"49210","69873","79873506","4761950","50.73298430666067"
"81155","4117299","35978148","7371458","20.42489625525503"
"54397","2973248","82734652","7062226","37.79113496377842"
"54695","4384029","85280683","323058","19.3038389731515"
"17021","3861310","60752970","1681643","47.34098512431781"
"14193","3754848","4538388","8158983","78.30722544029423"
"88404","6093704","80768825","413556","74.0589504035949"
"99928","2058523","55529318","5139426","47.46708118149129"
"63301","7483438","39344010","278600","75.66521010267412"
"91231","5300559","6366914","2399350","20.316020448305004"
"56820","1143320","63748229","8617383","1.4978298721407546"
"44078","1650708","46628834","9356916","97.81396763477807"
"49868","8474635","3181381","3475755","6.3910171178872766"
"58391","8411889","96134583","4403344","98.7524886859477"
"90772","7860307","85331815","9533665","65.21413554699102"
"41161","8769869","47196325","1041763","64.75569067326965"
"85878","8805380","13784408","5122300","61.93217259265745"
"43133","6638218","11596132","2248055","67.99913692794681"
"97813","9422945","49442626","6835501","20.312024677147512"
"32386","756921","32396157","6712810","83.9541337108324"
"14577","4363751","54658715","9332502","14.87910900149021"
"4751","7443952","7304550","203442","35.63470000913459"
"29633","9214442","92810066","3025894","79.82008848542779"
"48813","8343615","59020611","3322375","44.21698613624265"
"22133","9740773","11896991","338311","60.561874993644736"
"33799","2520522","86131778","1229159","51.191461459900836"
"12463","5871319","50970479","9165434","4.004106640824611"
"3063","9891705","951962","6011452","75.51031067948585"
"292","1388753","23810929","46540","96.04895992757181"
"77014","9390803","66158632","5594400","75.05679774341318"
"44091","9083926","22716103","4266153","52.303135087228824"
"65223","4624752","81158831","8060105","33.17822043933849"
"51978","9540194","37852244","8842518","83.70393711923447"
"96008","1295893","84742067","9683720","49.41527926031327"
"86257","7297619","81405351","6464068","63.36434538099762"
"43199","6742882","526585","5414899","88.791470190824"
"36125","7761005","61801097","3389960","45.09766218478448"
"99590","4063151","93303205","5324971","19.397265751644667"
"30242","8462912","52239921","904176","44.765402951289126"
"20699","1565949","61324281","8984257","25.253722673214817"
"572","5629996","9102602","1148407","20.624520430645976"
"79630","5824144","87894190","1144890","25.74437442274522"
"54891","4959694","96139557","4383329","42.00136712716384"
"98959","5955618","89101817","2437946","17.876308853987755"
"18962","2074363","14662473","9739690","41.59703418845133"
"18203","6054202","84508452","3361861","10.32181726632928"
"7828","150001","65065371","1485984","16.176470531695376"
"59499","9560739","66484943","7803817","64.08932011049508"
"51891","7584022","78940916","566808","94.8938921387265"
"7906","3529473","71261643","8211840","42.70206589598391"
"42573","3032801","8303046","2523334","91.57931997693859"
"35353","6730757","432794","7716570","2.2889362958259607"
"23644","4542173","25298354","1857581","15.412252323864816"
"5201","6053577","38426253","7593599","89.81387891294176"
"1330","7682260","21539762","5961790","37.93342038302251"
"62492","9386432","41204355","8569307","35.02787562818206"
"32374","9350417","70471398","2943110","18.625976366016662"
"33360","5027404","57211714","9231099","11.295232154756196"
"56071","1950534","54116357","8641032","27.603156486411905"
"11698","3527803","21090683","2036924","43.33789927569035"
"59570","2469013","28307049","3249","84.47717305116022"
"95427","7080787","6692456","2422155","70.70824234344929"
"74042","9100850","52188863","7404785","55.398675362191184"
"60753","5549521","2731522","6747727","47.43037665790546"
"7885","5975982","42557523","5253102","24.629295884807277"
"63653","2172665","20301033","9458028","7.1686906866758715"
"77382","492887","50157820","3609820","27.861375363661868"
"53740","5264271","98227933","6264042","34.35288423097952"
"8716","4438851","18315185","103538","7.785729602452085"
"96492","2469740","88494810","9226554","13.21227959193073"
"42221","47988","78865584","2503805","20.024999975532353"
"90830","2337523","74326493","8241825","35.386885442319716"
"69759","2385438","80411214","7158303","82.32865914581772"
"64043","8213163","93750329","2143925","12.864325613375794"
"59388","9949069","8487273","5644954","60.63561507114819"
"93852","9848943","24573341","2411789","95.05354083834665"
"22017","4245162","11562862","7449549","21.95875370177982"
"71849","4470217","50878894","5801470","28.899062012332056"
"93066","867108","91782671","4282697","41.67702410026013"
"47894","824421","43316803","7808648","29.55177846767033"
"17012","6454580","2940300","5903877","28.31697450674524"
"93901","2384170","87439177","7421144","70.16931541305334"
"47544","422785","70642597","5879221","54.78646271291606"
"212","2855530","6355261","6653295","25.28471755617111"
"30792","5433643","57355042","4870593","54.745631225466504"
"2453","8745281","77837128","1144040","58.65679902684434"
"15696","3365995","67681544","1063769","35.758685425102065"
"74604","6326404","51498756","3399519","77.83761986857341"
"83123","8068960","75580512","9950894","67.39656649188287"
"9400","5042649","10780881","5526390","51.53785480743815"
"88264","6545646","69996973","2316611","48.824861326579104"
"57257","8465132","91951067","6451449","18.35256439919589"
"77529","6388423","28093426","1532394","33.82012509710195"
"30763","2470473","63587506","5728042","96.0789343097652"
"19519","3140244","86489190","8804563","64.75594560411395"
"22100","8035277","88185998","9618207","17.70205122648537"
"7236","5116213","84405438","3016903","24.969372266765244"
"19064","9679295","22178343","3329232","84.57072948593334"
"68765","1179308","62267676","8121083","81.07849162199837"
"11086","8134660","23415606","8539829","99.1958125373825"
"31819","7730848","60695969","279687","34.22977806004417"
"5766","7637367","51338387","9438997","52.7792970088784"
"45686","6924038","7646357","4305533","98.80417274313793"
"26290","1878750","82359283","3077602","27.762077575636155"
"21774","3969379","64178744","7789214","56.6353864535173"
"58582","9133697","29711940","4774856","88.53713996511313"
"61895","3211957","85085998","2624432","8.062491170058594"
"85814","5887197","7068847","6453453","77.62665244227246"
"50167","1063288","94311059","634356","32.85825022833413"
"36226","812927","77145650","1312794","87.11667915682524"
"73397","2025676","29978785","748348","44.88955191845348"
"26729","6978676","40151008","1495393","11.470119371915843"
"25","4510908","14916610","1883297","45.85873023569087"
"86367","5961189","48567487","139231","6.923120590341325"
"77011","6935074","57317567","4621402","63.16390421979422"
"55316","2135879","31815237","5434377","31.875559660984322"
"7411","9339951","55908043","6921776","63.25996904118908"
"14556","2509752","63704183","4476876","42.81320930735427"
"75484","1187472","7454772","1248278","19.293906661325554"
"33212","5596397","68318118","3247093","90.58620353296567"
"75628","3578290","80588528","9314141","45.56073150471588"
"22527","665807","78368208","3611064","44.990961153564236"
"32275","2651694","75758664","7561485","92.74921099116305"
"36413","8809902","10149527","2251476","62.674445982709756"
"49366","6671688","22458348","7083991","89.22647259900143"
"13165","5931542","34840041","709337","87.85314880853048"
"87514","3344539","50785712","601931","94.83285487877554"
"81862","3417141","90311576","103390","63.16255850427452"
"95767","1044213","1540096","5616817","95.59265184300708"
"57031","118477","95389586","5014601","20.067567354354942"
"43922","5698151","60078207","2993260","81.19518887198491"
"58081","4067173","99050294","4827951","7.79063936401424"
"84804","7481658","70623144","8524299","34.859164250732974"
"7056","9614128","38360346","2912345","14.010085242437242"
"81109","6480961","21236431","3523664","70.76125637224673"
"39261","3462298","10101988","627369","5.164677886101399"
"94779","1954853","31853014","714030","57.92938581397794"
"2897","6690863","28972625","7640752","49.444097991234926"
"72614","4523095","17658117","3500005","0.6530057918070376"
"2027","2255759","39736154","866135","53.18432155407066"
"2821","9445913","57361152","7930946","68.14061858117115"
"84123","2604051","48098681","5781424","7.210724445066196"
"73897","5813553","18313177","553855","78.04477492105791"
"45647","8365703","35506194","3379425","47.84777348413334"
"43888","5147316","24282702","5648571","41.398721975036125"
"31826","502285","16082165","1113397","95.75264631382292"
"46117","985075","17533973","5004574","15.095797802098254"
"25372","4461971","24722440","3484615","32.028719495665115"
"45739","5988364","54298971","4854037","69.10854119405758"
"85964","3540089","79991307","9977555","97.51872116517553"
"15361","5926039","66298197","8704302","13.193875490848583"
"68314","9551563","20952611","2385779","38.37775306338569"
"30548","1491701","42313240","953329","78.0219268844773"
"48862","6160033","8480538","2545833","19.98765212328555"
"47094","9124165","85340865","546144","44.56782002216093"
"86994","3380267","515817","3242206","90.95729572613969"
"35447","3486937","89592468","1658790","40.347019313853416"
"80491","7305984","25578581","2867169","72.73058905708425"
"24159","6029926","131542","6149515","19.56927250444017"
"56309","3478554","82137001","8535079","80.98424473032634"
"14489","4184696","21847588","581845","13.305284836473675"
"58170","1786260","68222917","2623167","74.18929656780526"
"66109","3066697","4072468","528521","83.53391089893205"
"57354","3959500","77259722","7009768","57.669676063768705"
"67004","9349558","25489262","6494166","36.3694906851176"
"69008","8563242","97020008","8440522","71.03460873355041"
"69396","5503699","36847374","4299163","49.47801005283613"
"40852","2051079","35181263","267593","22.898765738533623"
"95256","2962982","11430496","7746055","23.462551724607795"
"37593","367538","70645559","3997821","4.182688197881168"
"98722","9720","11837055","909671","39.87947698295492"
"57116","6640916","21460756","7905863","89.40064690075864"
"26208","7216207","12068850","8290182","43.77506765619202"
"54543","8154747","90795746","4724742","14.526021707885207"
"86976","7193345","2094349","4068789","33.88396056771333"
"5176","5228413","59402897","6901359","26.544643188764017"
"56290","3595755","54107113","380146","55.018668242772605"
"80946","2484475","25092501","5241474","20.871750508835675"
"31905","6144967","43214344","2746286","34.25479781245453"
"55559","518733","21400980","5090336","91.5625297458258"
"76998","275619","55122833","5608495","73.26734435678067"
"8591","2069125","4097717","8081346","99.77180702260613"
"54961","424310","40871979","3534364","15.025620284377993"
"9777","534611","24480138","4209741","38.23481447604917"
"87853","5609429","75992192","291871","3.8710312152113846"
"90364","5954193","65759138","8633353","14.605110139213274"
"22839","9995467","22747993","9846573","87.08407932591682"
"56170","9078624","25972661","9952568","61.19226951794271"
"23282","2898383","53303129","8147434","95.13274298939768"
"27577","4485752","77058677","6772300","80.82276271327099"
"24466","1745111","91028832","5250865","42.05953197785715"
"95726","8274565","70916854","4493497","71.9722389232129"
"11338","8843153","30069637","4465976","10.522546981435632"
"19343","4575285","50878401","1913201","15.693122815182791"
"13565","1708986","47648440","5035864","4.907222949859735"
"81285","6195927","17758595","6157174","12.832539092978323"
"44230","8770831","59776250","8926194","46.15874932558104"
"81235","6886822","73166165","3829010","4.184266380166712"
"1421","7493481","36252149","2162882","60.094470782720336"
"7532","7729455","97440938","2959360","11.018663350764246"
"13550","6992247","47145221","3340144","70.68668623438977"
"98761","2156791","35983416","2192160","71.95507828898494"
"68873","679692","19994814","9996239","61.48552572286835"
"75451","9470376","71171935","8103654","35.7120787318594"
"24451","1846980","90132895","15693","19.757548620595845"
"2593","4122921","65928224","8338425","50.19905327695216"
"7475","7278603","4747658","505494","74.53212889242529"
"5856","1876403","68869299","1160541","2.562809050443393"
"29624","6039541","55326448","4641726","92.36466083035914"
"70319","265702","59413370","2766769","49.35912882285722"
"13711","3080670","94169106","1911696","57.459460246641655"
"72375","704113","87322903","3217809","51.97363326710068"
"98855","1174054","56029547","137856","0.9267787487833412"
"83834","7463524","25570213","7280529","73.19743739666214"
"1465","5606416","17319474","3007281","22.552774229214744"
"88284","8959516","3042828","7752923","88.28766271201826"
"20669","5608383","56591363","5838507","32.894765372193135"
"78440","7071314","30247797","6864367","7.965633341946354"
"95359","4438868","52211622","3808038","88.56138115040272"
"850","1687368","49023973","9120766","18.130152959243905"
"74968","3548080","28014319","3476980","83.67129331686144"
"60099","4493465","47555055","2099434","20.281193640339325"
"86561","8623177","97228749","7473558","34.86512661990231"
"41018","1531813","49794953","2747748","33.6394385729019"
"2090","7096500","28102248","8209637","74.72045670957958"
"77237","6797470","79975688","3053226","62.77586405038882"
"50769","5886775","1910378","9121507","72.52480068026563"
"95287","2398522","43131183","2070372","78.48685102010377"
"49493","9694224","28845158","8913702","85.31884735124217"
"46701","8216702","75630697","9298210","32.10551641873292"
"75185","7394127","46278750","1562216","13.841856243875784"
"8689","341419","40728352","3381501","69.05799782654252"
"92590","3171540","7169383","7318966","85.09101974748245"
"96856","2801359","71060014","9827921","13.070773176306695"
"24377","9731565","73092464","2150075","97.93173491738555"
"92880","7343346","85458041","6140827","12.015508146757913"
"72507","9877144","60161320","7249201","72.53870146904165"
"59337","9912548","11991971","3326587","16.132968880250786"
"31406","7891672","4781574","4804588","15.068926207287781"
"90109","3817000","21782246","2543952","62.686027051603496"
"84053","5642046","80733291","6488970","2.2145158924807173"
"13811","3512711","71790086","5305331","73.52013858624298"
"99788","3244799","70617322","6958403","67.19089613018025"
"44165","5660860","56398697","5800218","6.311809886004505"
"79335","7250869","18688944","896849","20.007364738352106"
"47978","220735","78788169","2574675","1.4028993378740306"
"8350","9305404","33170438","5716356","5.9518453426292695"
"17495","9767992","83025937","2462242","16.180021083428898"
"23181","4821426","85459452","447853","22.19806035623908"
"88710","3121674","63794894","8391617","62.280227281888514"
"77889","5653779","38731049","2559148","3.09620202224673"
"5409","5486978","55215044","4493434","48.99044505359041"
"82262","4349048","74303382","4154081","9.510150412297847"
"7393","7398947","5870889","5165738","72.75032571815663"
"28934","5874547","36128193","8292788","30.67566888183024"
"57495","3314199","89029879","1588061","78.54495496116215"
"93315","4506640","74628549","7179913","22.322350621476595"
"5716","4177084","11910370","4263049","97.25187081882612"
"52845","130162","25433759","384332","60.76249111938815"
"50733","8702417","36898417","7361649","43.93982246069464"
"60455","8622096","96494484","6385756","17.525367935783986"
"52350","7124547","55165233","2346144","48.146163631849014"
"9420","5823251","11483062","1373599","35.81563121716014"
"56440","1537824","11964172","7185670","97.91450164420858"
"50150","3433430","24745358","4873259","81.19727636112863"
"37214","1225888","88127937","1815995","76.67079937583138"
"37286","8461186","75880413","2421908","11.735296658791416"
"34193","3571667","67616373","9995479","84.85826804302813"
"86295","5420109","88534915","164575","64.33809271554874"
"30901","5475571","9441646","9043443","87.83065168647181"
"7508","170197","76033161","8782730","35.895304277426376"
"28179","4803663","14321383","5898311","56.19868981716461"
"7010","679205","54242114","5736766","81.34552492042977"
"50118","6855129","15640839","2121703","45.20214118044259"
"57632","6391884","2110869","7714586","92.07158983045377"
"39417","7657685","46462452","192931","43.493600623227735"
"70210","5226525","34933854","5278117","22.730321406208766"
"13141","5459239","44842253","550787","48.911877207526764"
"68997","3636624","76808954","5084631","23.189117304970065"
"63234","4080447","32645949","8140133","56.52086816265874"
"79685","4911548","5973994","4936653","4.76103276918084"
"35468","231083","45941107","4119484","71.71094519521033"
"43506","3712630","49158808","9141648","31.1883246173317"
"47309","2457154","52934197","3524590","55.00795361731221"
"5928","5093906","44890941","2004360","9.294429615992673"
"21650","7562993","36164444","1166801","24.101264184309667"
"43717","6813244","3611627","1251339","51.066160618221545"
"48510","5565356","22516451","7300297","58.3658473244274"
"48445","8695290","92140719","4937476","56.98916797666293"
"97555","657018","78529249","5620106","89.88058981191348"
"66448","8044233","91485911","6824521","3.275688378787567"
"32087","3170213","1991582","7993838","7.88971036849725"
"52613","4894041","1270874","3470598","6.416800134554757"
"7963","6118021","15350217","7425530","28.257888609051452"
"75896","3035631","47660126","3594823","45.172100949675894"
"34464","8202865","89904847","1158907","80.36110158629025"
"72694","3687263","37139163","7632174","80.27550976268127"
"97115","2829385","2709327","6816831","77.85098984739057"
"86801","8078251","40623973","6596666","68.07192693165246"
"56096","1307691","9666739","5179771","70.83443755547299"
"95895","9101379","86653455","1461432","87.97848121709356"
"56068","3044920","63474913","3101888","21.413526983777686"
"24900","419426","90893939","4066129","21.746124238528875"
"53762","1396489","25613334","7596065","15.612896273941212"
"33823","4713098","70591959","7895352","41.3301153926081"
"77607","2179644","29675228","3412077","78.04843255077681"
"138","3672228","69523827","5809654","92.79661027551955"
"97234","7487773","24818970","1990540","14.016685103498961"
"667","4085183","34492373","9363419","46.819773574547874"
"26396","9415163","85785425","2434433","81.9502651656515"
"68975","8566892","97022573","6762891","17.369756564633075"
"27998","2508049","46687471","3088387","29.519235571207137"
"76613","1904571","99929645","7333419","4.2541367446169325"
"72568","3566741","68102595","2619073","83.37895715096974"
"18512","4684892","30555729","6468528","72.03922634303778"
"43286","5801577","33943961","8796857","7.174531830013642"
"53934","11485","65777478","3001034","47.01560038868821"
"8406","401508","28201959","4812861","68.60259493187408"
"33150","6915972","77708717","7128826","59.444448555634324"
"26573","7701187","89953709","5045002","34.981469190542036"
"59030","7666385","28385589","9168484","57.61850048068043"
"69401","7645028","52757516","9547357","84.50215745904454"
"17979","1565427","96546619","6900121","77.97867116059003"
"28793","3013268","99560506","1419508","52.881833536751245"
"88428","3171866","99113473","2450383","70.8929009655527"
"29284","6516753","63695635","670898","85.1189554736308"
"21698","8521653","5141184","640252","24.786250297911437"
"69372","616136","40284603","4500444","15.465080936212717"
"72588","2285229","93284256","5489075","89.05057952887448"
"70603","4970682","21516733","3907021","26.29159015022494"
"29927","541544","88182028","2257634","34.37591435437292"
"19033","7387283","76051174","532737","17.48354705812031"
"45052","8949676","68419740","1868449","77.73313271172209"
"59889","5543772","6812355","7782964","87.242406257071"
"50206","1920549","12842401","523182","10.969510226929557"
"26806","2286036","14120383","1130672","84.52548758104908"
"37932","7457289","92228440","5804542","80.7086416031922"
"32143","283493","11594980","3525804","14.271882370351685"
"80872","4589412","70125750","1329653","46.57557102460258"
"78228","7454138","47762996","9171288","40.79059460598757"
"51643","5225718","42057684","369214","58.46612444669449"
"58364","5318517","21707180","8189566","95.83057756617606"
"80559","5842240","55894016","7397309","66.35356336602436"
"11597","9891974","48874205","7051850","82.9647373601719"
"22544","3184294","68824425","8089769","18.620318118345615"
"88456","7805088","20537136","9367219","4.489130874303637"
"79526","2672310","78878572","9346751","38.69953608956295"
"74134","9485262","56078525","2560250","69.99028471311783"
"19194","6348431","89439111","481562","52.430375175097986"
"85499","3023658","27223502","9783384","74.431230358897"
"71052","8437094","93577954","1960614","88.42903460285345"
"88733","3331126","85061374","2421693","28.85098813613194"
"26230","3090347","25856381","6296379","95.34932570210803"
"61049","9583307","74835696","3989691","57.801397020264254"
"67785","1230033","32798978","2399823","28.483862996801168"
"34571","5945269","50549686","714890","37.13500890012511"
"4009","5819955","6105675","7577820","32.69627653688927"
"61321","3956937","34072877","6780974","33.282691523447625"
"76314","5697769","71576071","6459549","79.14908080161587"
"16759","7612967","2358202","7896487","38.56276199830573"
"53828","5895521","899034","1911311","32.84344787334519"
"20065","721429","6377919","1487292","76.193727718524"
"4615","1870443","91035345","474153","90.5929582980899"
"55989","6938105","12482248","2396629","24.5803983041628"
"3771","7536746","55580296","8535227","82.5491655609723"
"9695","2920539","22789509","9538559","14.85037509964846"
"5405","6736089","36331678","829606","51.77847917240598"
"46463","4315137","52300177","9791539","71.743563668745"
"42264","839807","16448842","1629249","43.08876636324269"
"84162","3718957","71144534","9754313","42.62532211477205"
"43176","6250299","47559699","2173650","11.138594238612265"
"65236","1142524","56385301","130054","94.73462807862208"
"18623","3330928","24503717","859951","34.65684854885269"
"77561","4093029","77742091","29256","39.62119544170116"
"41681","7207957","23763143","2769655","56.85888668686615"
"51364","9926995","57161142","9579090","14.822637878070665"
"96531","6249060","99848305","3721721","47.121367174193594"
"12777","5193960","81818685","1379392","19.40729421475632"
"18758","226597","52402946","6010408","73.11281312763514"
"39925","208215","56403701","4496273","19.970215687342474"
"75098","9265951","83432600","3099712","80.49965018077921"
"14214","5711845","69684744","8348372","54.616876578836596"
"59414","8889890","39064704","7086977","35.874548226937975"
"56252","9610885","35159352","9423737","6.686476616911596"
"98333","825659","50260181","4033165","1.688945532043229"
"96502","4225430","14416586","5167036","69.42688225147509"
"93491","3283453","95064621","5212137","75.90642849703451"
"94208","2928194","4067719","4302264","4.196625537671683"
"68325","2883569","27093878","1578774","57.20672937499119"
"86802","6749436","30698212","9786255","14.383314580880901"
"79055","7409954","18993895","1400402","44.42824260630363"
"9308","8682270","64273738","5651258","26.12782004492257"
"73056","5549392","46048026","5776887","69.29369272698233"
"71460","7098534","47334265","3586681","25.85198206696099"
"59616","8773943","81380928","6988918","9.260697451575107"
"15930","7554708","68414222","2604640","48.914806938049516"
"77850","8551170","81328501","7037944","64.70496620759816"
"35082","7503465","59527467","758276","18.565627850722976"
"22045","169562","60233785","2569882","85.89558878831605"
"61977","8571206","30852158","4510026","79.50769649259975"
"94981","4303757","38173704","6769868","41.86278356361299"
"22483","8551847","12466658","5520850","65.30496025896365"
"22655","5446629","68305417","6155469","68.98033915453028"
"23784","3068868","6864618","5881997","47.71821777174669"
"55122","4298382","28405738","4382542","72.76650414766937"
"10270","4481163","31091333","7001312","82.69243860241049"
"71233","6954923","1643989","3864617","75.11474591172257"
"23400","5038788","19547268","3321851","40.66963595934995"
"83094","9015167","89256835","8192708","61.153464749103705"
"31902","6176074","67335103","1413187","66.39412683682326"
"38657","1295547","2338421","7611791","37.64289670209546"
"29487","5203306","6955678","1954272","88.31946549694074"
"31718","4799089","25505099","3399894","8.605454359752384"
"37762","2694844","14232045","8331462","57.76174757094296"
"67035","9873078","35230702","7884915","67.16611112206667"
"57216","5528110","10691778","2664899","4.883881877829365"
"18768","8881552","94713272","7046275","24.393108168078605"
"41725","4483690","47632999","2299129","99.5623850329683"
"23437","6212115","9965691","7513204","67.95219760771792"
"78621","3404875","44292767","9047126","63.746664020908014"
"91749","3328174","80440979","7296446","38.49512804294597"
"36334","2425146","7286806","2935679","7.208756272495897"
"59277","1570939","38602744","4038858","10.730704159023341"
"31137","9237358","93081393","8563208","90.39929720082434"
"4717","5646421","52487326","9572343","15.56882786249394"
"29296","6439388","81423737","1193804","12.222350812925253"
"11631","8675599","81444720","9900862","82.07401868106756"
"66422","4313779","15176876","1364448","30.704602002470626"
"40198","3379271","82388465","9902078","29.483506843871453"
"14445","5872647","19032937","8592809","2.185353197697215"
"78467","2833761","54100600","5811674","28.02041467060532"
"47","965910","57542525","6754326","81.10699789961498"
"60833","5579032","26100238","962886","21.590529887063592"
"12051","4048943","19379414","7369583","15.261041018062006"
"64691","8506679","94188270","6279593","63.055044707733146"
"85323","4471350","6959115","7873748","18.899137763258267"
"38831","4553581","25361313","7377189","24.422026185211344"
"88799","138445","34107535","7849674","12.846531058056721"
"93122","476486","85510076","6133755","79.23484286657957"
"51921","4223894","69141369","6726008","1.9889981790472078"
"87160","3080638","77221183","6366354","5.3317916657614095"
"43253","7516699","67074552","3506936","67.51300771637638"
"43022","5976825","19423636","9429151","64.12125378294499"
"37364","8400599","12276576","2938448","96.2698277165653"
"16861","1444373","553830","8078364","6.4240589727251995"
"2102","4770132","4045319","9888674","52.5928271105901"
"92776","7081524","43703847","9682235","33.49020547490533"
"88896","1709848","94046813","3928311","53.09650581903905"
"71085","7324810","77351197","3263419","98.19918905452802"
