"74611","9499097","31892687","7782316","3.216433533816143"
"39933","5981263","35374472","2140530","95.2543334057633"
"9951","9641692","38307088","2056934","97.30324603504819"
"43503","5979489","20364051","2176865","51.078108053724314"
"58526","2357479","19108481","4965831","63.59744728501002"
"21360","8429542","27640746","7332179","96.64091367219557"
"94951","1337074","17763094","8292066","79.68648330066631"
"62096","7026003","72897815","3428091","37.155087436967534"
"65846","5610496","78453819","1855241","5.570621500336525"
"77626","7183157","92017611","5967949","5.781195836540598"
"58754","5034212","5192895","7803449","33.88069937945997"
"92064","2340737","430489","9223678","24.452500816792288"
"63827","3120922","47552980","6145328","60.087372391720976"
"59510","6486786","73149320","2158754","63.59261605625769"
"97048","6539846","46505274","6298512","44.87294869986985"
"15523","4312038","17740232","2618858","72.04232613837078"
"6046","6619476","98800773","5160246","33.85790558772075"
"97759","5681902","10069711","5623298","70.02078351128176"
"39269","301364","62572668","4820644","40.716267389123274"
"34334","8968888","17232262","3678092","72.20816065163011"
"34740","4312121","1686441","6887311","58.78724755180491"
"10003","3338163","42155939","7892419","42.18021399819101"
"5365","7457302","60191991","1669390","93.69268757130799"
"49945","8152486","20303651","5176375","22.766754062774865"
"68962","3154941","15017085","6229352","59.985948048820184"
"24276","9680869","52834264","2563240","55.94929479288323"
"84454","8478044","44434530","9993856","42.96073279781189"
"53852","3530394","15224102","3736970","9.3498298135121"
"46856","7080893","86290913","3273448","31.597899024250744"
"95394","4291124","43455444","6433822","90.07161174532517"
"41065","488897","46425205","9900936","99.07248559515645"
"25523","7876087","84915717","5270704","18.700232281807104"
"87","6298690","1643030","3174769","66.81683127528176"
"17154","1655848","13834061","2963449","91.91339245094218"
"69762","1599371","18979754","4951243","90.06184022905626"
"64043","3415003","17073384","8882970","8.821682931505148"
"61299","2948413","50562688","9627743","54.96678367319975"
"18779","6879202","95810830","3635770","18.49952934944563"
"43044","1392712","28673533","5529929","67.49679086606714"
"38163","5109724","26282090","4456901","50.98147841988304"
"63378","2001290","84795490","7447238","34.400858015327415"
"75252","5184352","60672178","1449930","75.29825448860521"
"80823","3322000","45247917","3295006","8.95519960548925"
"36189","9499213","46263385","6331769","32.10072669396188"
"12476","9965680","82590117","716214","75.22641539561666"
"58680","1246135","43452263","1904702","78.44723717275836"
"30034","8662472","81800442","4596669","30.824719138066648"
"31067","3299192","90905202","3611142","63.97678338628593"
"98281","4768094","21712785","9380217","60.493811467575156"
"49971","7508697","81950893","437780","3.711480529194122"
"88994","433244","95154150","775222","62.1440994981198"
"94851","9724260","26113062","1919111","88.06777947683759"
"54983","8867375","14590610","9310291","38.489660609885746"
"22642","3149264","8135667","3431062","14.549622562662702"
"69347","96501","65038448","6815435","27.22854443296068"
"68656","2663129","21644193","9132894","99.43443708742464"
"65861","5676022","47636927","513108","70.62834303104779"
"97824","1902724","58199918","8472597","16.271205697951242"
"5021","8686061","3735790","4026546","36.18609853636341"
"52949","3823646","71191364","3320044","52.67755073514323"
"76527","9712042","18440887","9212156","14.863647707296845"
"64071","2875247","65385664","7433006","50.919265525162224"
"90231","5861015","25625357","649364","54.219474942870846"
"47814","2372348","94031336","9778600","83.66138367567488"
"2182","253313","68835563","7452378","49.398160907382774"
"34335","1807772","66444175","9075113","92.9230086831972"
"84740","9460604","43261890","1433601","67.01387913164872"
"60689","327597","88366928","5861041","52.7808717553376"
"47338","264045","49312135","832011","55.99416491899647"
"19417","8196839","40521515","8342191","32.1918129072258"
"55427","4495786","17816159","6421207","26.954567697029"
"91870","8029018","58356168","5361515","73.80521314586761"
"92008","3814980","73276912","7884768","80.95042073708292"
"11554","8848123","44190474","1634877","14.791632778478291"
"7021","2107213","89187337","8143295","32.88844024122397"
"2753","223081","87633592","6870655","58.43358410149636"
"30045","7812742","71672092","961738","29.165314513426942"
"99093","4956254","75410408","4861091","28.79042094118105"
"10711","7273426","51943770","3085353","33.28520834026424"
"30831","8812755","34640945","6815370","10.538834857157731"
"11650","2135092","8410179","4174443","93.357301357161"
"74918","6063769","47414016","224667","54.96926009781754"
"26891","9219104","10931951","1065636","79.30487504995882"
"13648","5259178","11741024","1422939","34.83224843625524"
"99287","2462606","87778610","1703139","84.14863133479831"
"28095","5403341","13630440","2853783","96.96453306990979"
"21009","6275202","67920024","731271","63.237708085749986"
"17942","8307809","64581603","9462191","93.91314911691269"
"44180","2974532","50838970","4045785","96.13591023074757"
"25611","6520407","99094116","1862416","55.04489521717727"
"50679","1657530","93459925","9512852","27.181090121413455"
"54545","6856555","38442694","6602049","32.735593713920466"
"30335","7612935","91103376","4005821","48.387176810535735"
"11789","8592186","11651382","2980089","9.338012462014134"
"22548","2707642","20270907","1597877","50.21778389414791"
"16072","4548033","36049649","9471653","63.20229725956173"
"72316","2467474","42003660","1760981","64.48676347897458"
"46854","8791722","22107308","6283014","68.56962348202498"
"76654","1334162","16912452","1490692","97.03296829009369"
"38999","8451850","78850516","2143983","49.09586608060128"
"71499","8940378","30133907","6226218","24.923093203972346"
"87227","7718445","79145799","8127812","28.115408865063696"
"81911","3087623","54631072","4691000","62.24087838799173"
"28686","2742021","65151781","51354","17.71226233655241"
"35211","9487020","5721966","7637978","78.09308213129536"
"18888","8276407","55729101","4376686","81.44901230136796"
"51568","1671666","69233761","2649283","81.03255116107502"
"76420","7150026","46246891","6058380","64.27160139492177"
"43152","4282075","42535847","5147291","64.8332709963097"
"38761","5979893","84784055","8385670","78.1216620087742"
"45519","4499222","74850746","130447","24.361915329511273"
"97133","7641867","64825409","5300053","82.77731629378854"
"24991","587526","49147517","3606393","60.26082068850195"
"82670","233968","21799193","8054613","93.41137141721775"
"21885","8392895","64603843","1862440","77.69458545094712"
"13014","2931602","93316720","1440035","73.49237996875763"
"50391","1761572","90600747","6023757","9.664740119586446"
"64196","107668","2425469","1331248","38.7477927792873"
"68062","1813928","90524157","8782600","28.676889643005175"
"431","1428443","4893184","617096","58.75954544448745"
"77025","5721479","61480233","4332787","63.00806566585646"
"32306","7966515","18580245","3573991","26.11850820428373"
"56601","3145102","39547159","2261206","54.29619261655515"
"51577","8605676","38716563","6111936","90.92248503709327"
"49248","1559940","48229653","9552895","30.41930426121775"
"40430","4129420","52613130","2213731","5.924575785809971"
"86103","7362861","29073765","168760","11.320300205273181"
"64812","3805351","93590113","4231486","69.8258157901248"
"5340","8538352","77709545","9125466","57.73218833611966"
"85096","851923","53440274","5031373","42.14227665909367"
"87117","5559073","50837364","1258119","46.985610401209755"
"29215","6972864","63223307","7549205","53.02081239176678"
"79109","860385","96346806","2048765","23.754187837202277"
"66504","8475116","98895659","8603730","92.69235194679356"
"76312","2600234","47727051","4703885","95.17104596594427"
"3326","3478524","29608543","356793","58.738101441057765"
"43222","464367","99463785","3862196","73.62635090254055"
"14130","9791278","21980255","5426528","84.24025207255684"
"97442","9913320","27829933","1392713","82.06265761490702"
"84531","4412915","81161745","510915","8.870910164779067"
"12948","2541684","16849801","8233436","26.992108399907476"
"96835","2869665","86385793","9709160","79.15384460888045"
"48250","2984224","1445075","4808359","75.97383337545412"
"45408","5511758","68958594","9579562","38.06444098718848"
"9583","430413","27582709","3581221","97.05600442173984"
"83700","5666369","49068525","996891","50.80205154638426"
"9470","8386550","35976245","7682377","86.78679471900477"
"44290","3762954","82474620","9609098","99.40146460615273"
"49599","7378583","57467304","7005394","25.851546861546893"
"76309","8613946","56019019","4895533","98.7099333385427"
"71987","2377905","84038336","5333058","13.15688232048201"
"18542","2237108","45693939","3336802","48.4438409877414"
"43078","9215090","79759223","69749","82.15067477524475"
"78577","2610730","76911179","9781270","47.29271588227319"
"32681","4335227","24460575","9719382","50.171862441083384"
"62741","1186476","57150148","590158","85.53406511167032"
"92851","1592002","16180688","2638772","81.43563040093987"
"99439","9471715","79692136","3357388","80.97338231726944"
"67451","2242078","10086518","8223420","6.584314168258631"
"40355","8253155","16181879","5538770","81.28058710067515"
"27355","6145898","10769532","2791432","72.21728559063031"
"91854","4375846","77621415","1046283","74.44536504760711"
"95980","2488521","68590624","6997340","39.03593608784396"
"52218","5686045","87391999","1972368","2.0451394340493145"
"62401","3037840","81157469","3281657","89.72224672039597"
"48135","1354857","6104920","1833870","79.67401727242918"
"457","6449738","22530423","1481873","90.86832946689893"
"28282","2235312","48771448","2163469","91.0198288756834"
"77230","4737501","60805423","1614307","6.584398065739028"
"29293","8191123","10810578","2163028","30.937489895109216"
"83052","2915794","25864075","9884649","25.165697209331338"
"27675","7752132","75728358","3775856","46.126317539996705"
"12376","8136506","91044169","6035892","10.664738500021986"
"48943","1517116","84383546","8234844","25.789728708670843"
"87862","4561845","41741544","3412449","65.60059353258923"
"10416","5780369","85866747","3929283","68.488868222845"
"11133","2575765","28868187","4024364","12.486727160354505"
"75410","5459438","68496444","8581737","33.28527596897142"
"50962","7067559","83824723","8311339","4.4546709961189475"
"26724","2962341","28571600","2377521","34.62770199518309"
"78311","6065306","52566064","5033373","29.012588364039615"
"66618","2255591","60678094","2417344","71.13769000806943"
"26680","7588225","96490892","4773352","4.862185942111008"
"70687","5658908","63068585","4611783","71.78847167291991"
"64585","2986875","7897964","4060713","6.599317834090968"
"90241","7821141","64175090","4586598","80.69029599786482"
"91398","1127162","34823436","6975854","13.874721376988465"
"49537","3477862","1938101","6936371","88.96834729800432"
"44351","8246953","1506894","173320","33.96143352065679"
"82141","1251865","33848948","8106083","12.66014953742831"
"40487","7716975","11920327","1504644","14.37147628217602"
"8547","3635845","81754826","8754825","36.21862526548038"
"79152","5025689","77503342","9137728","55.83075346086108"
"54653","3859462","92159142","4481922","17.572997454734065"
"86926","6657436","37415402","2683809","77.14015890426354"
"56572","1698893","75228715","4869242","31.69836122412013"
"97134","6110720","27823230","1906283","29.74181070432592"
"3147","2195743","86005802","6103183","12.639177135305946"
"74618","7588705","60803740","9365937","29.629332092944992"
"86233","6425507","70530116","4822171","9.723070807325307"
"76051","613528","34510603","6189812","71.98477041292966"
"97001","8918237","35254183","5437464","71.52730762767834"
"34579","9776127","70407359","6628689","34.92388543182743"
"28578","7931199","6168427","3440293","3.6969909523400513"
"69157","8835930","87290172","954843","14.25598920838349"
"91062","6597991","63508113","3940909","55.074747213978505"
"45737","4144601","74426798","4245903","73.42100124063732"
"67354","8650603","25788063","2599024","18.38063561044797"
"1378","8619152","89169901","6838762","98.90980309371034"
"64984","5519844","93000353","1014585","95.69703616536255"
"86164","8191615","20837548","9405916","56.582672532747836"
"47266","6220492","51071606","2902319","57.14382739580618"
"61519","1462307","84484110","7042850","85.93822261850451"
"27837","9991015","78511559","4314023","80.97795565116827"
"82808","1055937","95736666","4328872","85.49586200522698"
"42258","819972","30607511","2451555","51.57181610126273"
"67009","4607976","73275376","8916683","30.824060850441803"
"46645","7674476","81792311","6563075","83.96290989487191"
"67213","4671422","12817150","509273","79.71428063437584"
"92635","1060677","46532944","5446035","80.90704097972714"
"64153","2284654","51550041","6953008","92.96081359596161"
"3312","5800077","95275783","7858361","35.02660641463052"
"93951","9092921","36705648","699385","65.36884622701812"
"32558","4611640","24129347","7842561","34.35224249770526"
"23549","1925278","66707042","1244680","14.323398165780398"
"56241","853743","55945234","7909199","51.98980733706195"
"31003","2992815","88914487","8254171","76.37101218687525"
"24335","9234158","51105075","6767593","57.71605602664949"
"46802","9461114","92884275","2043571","10.423313526407785"
"32141","1853314","4717749","4213030","18.612762265369696"
"15632","1725593","82519886","2777179","36.202773191444656"
"96564","3634980","55644869","323391","99.67571852996097"
"46464","4724062","86364104","2165371","52.420654593319796"
"59978","7252797","10699149","990649","5.65462172435095"
"55983","4907302","6750690","7156000","77.09614362758128"
"8421","2093567","30453056","6061940","48.85254969942"
"96531","329921","19265199","9883859","45.77322485394358"
"87553","8375781","30612284","5855451","90.58713555564857"
"5965","9272708","63815441","1717852","47.734295101326154"
"53434","4099535","72195407","9147952","97.52479632326923"
"34517","1623284","19833289","5271450","98.40069243444302"
"829","2071493","38620962","6612859","18.867288965620432"
"9148","7878935","18336941","5698569","52.89173297576273"
"5345","2013391","21755543","8287279","0.7880285562461453"
"6144","2177669","21923416","3909326","18.15628017721608"
"63222","4645028","14258913","8683657","82.10582162951664"
"99198","8019448","35737388","8322091","23.24744365690191"
"61537","5261106","78805638","6426979","88.77719743292374"
"64586","1104297","80742398","4792197","55.867218446735876"
"54263","2766441","14876401","8215983","59.94252226741595"
"63604","554983","90979733","613560","71.01250075116936"
"70101","2966019","59071190","4515792","15.968813280105454"
"98897","4818313","37990312","296702","65.66083711425537"
"83924","8208920","84967526","7003571","21.814900504207223"
"41579","4481248","17726619","6780620","18.465308115979695"
"68482","3706336","39891223","2859523","22.894633454822888"
"16877","3726030","39568604","5453666","67.22973945144834"
"80258","4116508","62075671","9230082","30.860659609928163"
"14033","8548860","3643107","2898663","17.509511047822656"
"90441","7394715","33698645","9476730","58.7729450396383"
"10801","5857969","797131","6600505","15.922491167661724"
"95071","7012704","82557236","7680091","61.72216677432959"
"3182","4809158","94876568","9180363","57.544574259258184"
"25848","7168618","68974293","4507623","64.23024754818599"
"42472","5028542","35468814","8430511","89.53045042947309"
"57333","4646420","94565384","8694545","19.668204986632464"
"85795","1994490","97634098","7385916","32.70598017564529"
"70147","539171","24770775","6608748","80.47223587055046"
"12570","5309074","44529001","9415249","52.624843477558045"
"42806","5909991","94280631","3325639","77.99701736543531"
"93835","2043848","24644659","1127616","53.20682603061122"
"1995","422657","32583508","2893022","45.25260013580383"
"2534","8866974","88759434","4172751","44.75445857566426"
"99072","1741004","28315135","1869107","28.29763460588254"
"21403","4058767","58901988","6061408","7.491709163654647"
"87226","7677278","81725119","2384771","47.41390309772826"
"60328","8651362","79047625","4218552","58.833950672098354"
"98714","2933942","71234554","8150876","98.00979732326503"
"60772","6392227","43229978","4292965","62.87065836790402"
"88995","696824","57488070","9329491","45.07566451537501"
"4531","9417780","50396392","6558913","42.94724376968523"
"31187","6605404","9677785","5978460","21.461084344772118"
"23983","6494984","88680950","6207644","70.13306480086653"
"70245","2613549","56894225","5754427","7.720449467232104"
"94135","7207415","97789139","903423","72.56003361703675"
"74568","8916854","39459241","2085023","54.173095201010625"
"41694","7476404","61916831","649748","12.34848684909161"
"24423","4666432","48322817","9771606","19.47963487843378"
"96795","6963684","86706272","8567593","0.779938892865073"
"13726","6387966","99899153","3547939","95.71685473741877"
"95984","6813650","1795336","634459","9.64325176038825"
"87580","5948306","29826417","3883060","79.84625216631615"
"5122","9892165","29271822","8685400","1.8224081647174928"
"44482","519665","23222800","4816183","33.76084449993838"
"66940","9596154","78941871","2847302","60.198876828654804"
"33695","8522857","51193719","2329364","58.84310925905011"
"89320","2135734","37161672","6170951","77.2349582557666"
"34542","1243020","120257","7911869","41.19342051494611"
"43444","5175163","56782170","9387942","63.05026836966696"
"61782","3288749","63758626","9918121","6.350188437749971"
"37092","5422563","37007522","7263764","95.70192374581161"
"41766","4014480","69681177","4798312","49.31456119795487"
"12450","6217618","8371419","8139540","30.468746546173385"
"86962","6421159","95535676","1418713","79.84603341937049"
"74759","5872461","91517850","1059198","85.3963644741841"
"67701","7144831","68370342","1533311","83.08026448719804"
"26605","2678321","94534348","6473254","56.796973710647045"
"64012","1976513","39148296","2410490","41.243728685258816"
"68154","1271558","73598550","8641061","92.86534950161547"
"99571","6681309","3163985","9455641","79.24612376914872"
"55955","3863097","49902418","618168","66.55985568577756"
"61288","9479754","41568515","4029204","81.8027533085782"
"61763","2528368","2538219","9806797","64.32936152358684"
"45026","7298416","1167644","9612127","14.994937885134119"
"55822","243648","86130140","7227045","17.507586817758913"
"20052","9718703","63329701","503586","64.27382105106759"
"45471","2456067","2784658","221980","94.04605862028802"
"79051","1740417","31756515","2464206","53.24646521696727"
"32722","2840141","27331812","2978316","83.95393163310283"
"70984","9605571","81815840","1049554","23.48460010030269"
"12551","7395205","37080179","8536920","20.033252900720278"
"27235","6504090","40196893","8132979","61.33572283329426"
"17036","3507352","20163499","8519053","92.35502107057721"
"22790","9889784","79976222","3488577","40.49997973591402"
"31597","54096","11414621","7272235","29.96536787339734"
"28618","9939654","56307866","1188141","82.10953509528743"
"99587","6406475","98382336","6242313","24.530799459948106"
"35130","6183972","17905286","5194304","1.2913204273279355"
"44351","7228304","67765387","7410911","69.45228167964517"
"93641","7317973","75585861","7735535","30.729256602972622"
"32954","8921412","24113400","8578662","44.263430428425075"
"89913","8051390","51175735","7678483","68.52493009978056"
"69762","8668034","63619935","6780194","21.178946346088555"
"76243","107158","87688675","8270844","56.5809449984652"
"76234","6903633","22273205","25673","40.213929723081"
"3333","1459360","92405705","9763245","34.63077507357137"
"57334","3881399","6911273","4963140","46.52868617552045"
"49732","1663131","19599312","1333034","47.68250598147564"
"73482","3191667","98645026","2694874","12.18032962556932"
"90950","8395459","14575185","163317","85.7382012070263"
"39447","6732751","41044703","9314805","51.33264663195314"
"58403","2883449","88948167","9560224","64.84060855596555"
"18058","4263068","91661747","2996485","58.67773657977732"
"30449","1354886","72850972","1133060","89.36626568084101"
"57817","3122368","38558949","219016","54.28238725835174"
"95202","148358","8923289","407064","74.54846258397512"
"10546","7049713","63319081","2418484","51.65266273910888"
"4099","5752424","72208754","1435238","23.9320166189945"
"35114","5012877","31915205","9958708","0.3121166065573666"
"74746","6201497","94583028","6240799","3.228830390850257"
"47750","4061322","26504523","9723286","8.851018699855162"
"70693","1102793","11905619","7725781","95.1908553608718"
"84946","5318543","11761398","6816206","71.9016447553018"
"58994","6360270","37805596","6810065","60.91493179711207"
"56292","4330414","93696684","8518363","95.94122620662688"
"85160","3160750","62043964","4958722","33.6489031550417"
"95700","5766193","46937496","972048","8.770603910296703"
"19577","5634113","69302708","4119454","79.82515135243496"
"54339","7047832","85042282","5049718","8.950925395680564"
"46952","6502651","41655010","5004109","37.78807480764523"
"43916","3675052","79414580","7899862","50.82908333756539"
"18438","4970959","41712500","8876039","82.5257943765007"
"88948","1419701","47221483","9127899","2.907764826354553"
"34476","6832311","20281844","4645512","20.620330427102353"
"28754","7019087","56097408","8360540","70.51929858854665"
"82653","1788248","47997682","2137314","35.48936052396795"
"48771","3318500","66042529","5736639","44.78181139264069"
"47811","6110156","60109531","5038520","31.638371604854974"
"3317","7809467","7282455","9884545","58.82746481848224"
"21932","7054208","34862173","2151187","56.844115622462766"
"61621","8877493","74059205","6879068","77.9091684236005"
"38856","2447940","49121915","4371284","62.65581502483838"
"92991","7976607","93060419","4235656","74.26461186367395"
"16040","4058346","84214609","6637309","13.649931076845867"
"427","918814","41866282","4926413","4.317416526883012"
"93582","6287602","59166981","3000872","26.38281612534691"
"31457","3625910","80308051","2795805","66.23028679181239"
"12604","4971314","62384872","7187109","92.06605641612833"
"71162","3756475","92783783","8349431","74.64613674960995"
"95960","4220887","19333733","7340706","4.43464405434092"
"40405","4791371","7908135","4263640","58.86177189350848"
"89055","7641787","60046578","4881261","33.028193793562174"
"75338","8962099","53941905","4873544","97.68663301712508"
"22483","3454076","21197505","5915254","73.59673455341259"
"25508","2861128","26251883","3756140","90.1706791946579"
"50364","2709742","89997980","4293481","11.072708357154138"
"98900","5713258","2016295","4824627","47.00246037682212"
"78898","493867","42228952","7561714","83.66757534141632"
"25991","4513182","46573417","9389346","9.572487419225272"
"88704","3053243","25411688","6521494","10.797419939529062"
"85409","169038","31984748","2464583","76.08197904173326"
"32972","3202410","83089178","8517427","1.0029479314029754"
"59786","7530022","67589772","1531327","18.755833038266733"
"32250","9967022","77214694","8466973","70.93449238270641"
"82126","65684","33032677","8449772","38.288748981566"
"10326","4032569","89976937","8312413","7.138268952362214"
"75","6980836","92337440","8926143","50.89999130688385"
"16504","6450601","71286650","5389583","80.31018877790959"
"56234","389630","38819926","2886438","99.26808903524922"
"90475","790225","6950876","4490719","60.56947238250792"
"77400","2972101","248086","5324954","35.32185249363933"
"7119","5913004","55980058","9302184","83.02482251257067"
"82711","3427991","53824906","610128","34.226144382191926"
"34244","7563878","5656440","8078770","18.52770499305595"
"51093","5284451","52437950","7598722","63.455076217136465"
"59376","234895","6071309","4368015","25.28398020480501"
"20614","2119027","57464073","8789729","76.81429963852695"
"74465","1132645","89231350","6913178","95.36836110311789"
"89684","3049279","87285132","2136609","13.568045448483346"
"31124","6312644","43911341","9060883","85.78465620795174"
"42076","4995698","78167264","5805097","20.043084570303137"
"94303","3677621","99892865","1151458","98.35506662820448"
"6492","1834117","23544021","2425054","42.50616431706686"
"66993","2008089","49057831","385518","75.40769042322026"
"58063","1587069","3777117","7381139","62.716212006467856"
"7647","4506744","51969141","7752738","30.154438860471423"
"78371","9825866","69558415","8393623","12.99788927569001"
"88931","6106226","2925366","3710341","70.19046019732346"
"81898","3259078","49263568","2846563","47.31671877372462"
"34662","4210762","84937761","7188987","80.26753816804307"
"49780","1645648","32789269","8678758","94.69285856582053"
"97093","7046418","42992876","8949028","54.15152457394279"
"37189","9473803","67771211","2626807","47.09366626757436"
"99704","7368063","80652422","347608","44.90915161383633"
"57419","1944255","29717984","6051295","56.104365266923686"
"42614","2006226","96302698","7293253","95.51149152462234"
"83311","8061394","60107364","7643273","31.289168303391214"
"61341","1503975","82334231","7198253","16.506147091074453"
"12884","1936235","38039376","5378895","53.007290942344135"
"1590","8960742","27870628","3916616","61.20212022305791"
"83077","9580973","76357103","8223338","68.01202119715953"
"55421","6237836","90077048","2694074","70.02134986182239"
"8592","856723","10265698","7652094","16.59657686550662"
"64774","4092702","5089055","2412730","90.27824418048269"
"75193","9345653","78992837","5601351","14.205525687199216"
"5924","5979761","10886976","8709960","43.71948443792968"
"36753","9433119","53725816","9033452","51.84019709178419"
"96428","9637665","34834611","8191633","96.94480962253247"
"87949","9111313","94270336","3667687","91.4735774042821"
"37119","6581716","73880247","4437993","66.7769349595443"
"79610","8232160","83029525","3829142","72.9644777983433"
"9133","1605938","21081929","9657197","58.38397314449991"
"95925","3386287","15681341","665833","55.22044175302627"
"31485","4663404","17122200","2640699","25.29722034034726"
"13792","3734738","50742942","3684656","28.888551872191957"
"36593","1131757","93747870","2333271","61.41484707644202"
"58008","5914889","54862938","5340681","32.62606764162501"
"7631","7857194","82814673","9853476","81.82920265445178"
"39148","5119836","7116314","3675627","6.67862449600819"
"53443","758154","20848383","2621316","35.241130553000346"
"75248","6754848","30795574","5029850","32.42021626076325"
"75113","1288697","81214271","1269782","71.39526178633875"
"19863","6574989","73325555","7796527","45.72164088884634"
"99279","1631895","71953163","178578","85.13953987665394"
"38311","5390466","14088180","3906187","16.23504136251588"
"71104","3301120","61182067","5309130","89.32177806681702"
"99213","4963551","51466676","5338080","49.32181391846999"
"22371","1315520","59247477","5155016","63.91461911478146"
"84568","2688774","94844728","8088869","67.50721417841494"
"83562","3769822","44371569","8204679","62.82443138757648"
"69228","3908343","17466058","2160156","43.80247625858959"
"36560","2240906","65187160","5432092","7.44973099352123"
"46765","2386408","21035337","6038610","30.795108721988342"
"60012","429292","32541531","4231270","18.098513697120765"
"93889","5202757","18480634","713624","85.43687647359309"
"74514","5677826","38722207","137196","17.90664395048903"
"92514","5710830","86692086","8997562","38.209951403468686"
"67563","8537696","43698718","9628342","54.739092543578195"
"62836","255563","69913167","4969785","34.238152384728394"
"82626","2665570","66148784","2093597","35.45866821086522"
"60849","2819776","8029086","1159128","97.05496086525021"
"86056","43511","50785990","8227252","41.846534503430796"
"65196","4687323","93399013","4005681","14.083277539010252"
"59899","7530514","65541939","5204720","69.66410209076216"
"19392","9513368","94726859","5059259","16.560791982099467"
"2316","1489422","51751266","175567","96.81099286725853"
"82562","9445296","91119306","963778","52.36686357021673"
"59511","5193608","57012958","7907934","98.92420725527197"
"66152","4501257","10053006","3548811","47.1635530656619"
"59989","7432540","37976053","7075695","92.71641189180887"
"71885","1322183","13503842","154768","56.04602235221316"
"41173","3382471","41846399","4608227","9.215976725693553"
"21145","8582135","51465163","2980443","67.85889923855822"
"36721","7418018","60914373","4342936","20.74838400502571"
"4486","8049629","4305728","6361482","82.75224090430468"
"2308","5314879","45520005","1057015","65.48502083082975"
"75013","7492577","69920760","7754343","41.30266861586445"
"19009","1561195","33292058","3966501","25.52864243196076"
"71208","3492514","26306027","6870697","83.67816389611532"
"37222","6487815","83368642","3558475","17.340291488586345"
"15201","4981279","13848285","4639955","70.133037207089"
"28407","2649931","4882700","1959249","75.28471321393936"
"7782","8850588","87225776","3464775","82.37933436312004"
"55681","2044968","42034444","2937592","71.76439065320832"
"62755","1332819","56158833","9471482","83.46022195150394"
"45986","9963009","88731167","4082894","87.63440954052105"
"74991","4604414","81638892","4564593","99.19671871183947"
"94552","7446925","80592413","919230","25.540480544634715"
"63451","7098118","17849850","7540544","17.423110260782813"
"49145","4479340","87530312","3928475","51.42956932677717"
"62111","7422702","22250100","5376002","18.50789294851015"
"43652","6977384","61441759","8905631","65.57606119020706"
"64907","8311347","94944082","7067420","97.08737333134432"
"51074","6279826","31922507","7474811","33.26271690243604"
"22641","940346","34788969","711970","60.9455956008989"
"87555","8805393","14778348","846480","43.58004597730625"
"44662","8788458","63938760","3221342","37.31627954817473"
"60762","2470916","74299015","9408451","17.763819369953282"
"9627","2393954","48189110","3762808","3.221683405400244"
"32095","10118","42724181","1297655","84.89733918690597"
"88852","4380237","60018770","5240632","76.14597349768033"
"26729","4969175","93586099","8886940","43.307491098083496"
"41613","9258842","79448783","6126831","29.855131051195826"
"5134","9138593","42540906","3677805","2.163504044504394"
"67195","9935440","32884307","1963132","36.447573085742036"
"98528","5933152","19588515","5032512","57.16419381721525"
"23535","8685382","73306740","9984883","27.112426916197585"
"75948","3988068","96042610","1565309","65.23053155312407"
"9658","6739833","13951575","1476704","31.387052626194787"
"15480","8735225","18661635","8747705","0.19979120844576537"
"13925","5375294","78099566","81074","17.179774971768957"
"93089","632238","74916973","4396644","59.97780971902571"
"55160","4828446","76315092","7237691","54.13394184082752"
"57688","9457211","69053466","9872805","56.716114940199546"
"74348","8724360","69286991","2386908","52.16853686901719"
"88864","6548867","94054615","6450895","17.548214009259134"
"90584","8044074","1308906","9688902","49.789446957976544"
"33038","7408834","68686215","7082997","2.3884768186244743"
"74940","5785697","62864180","1858787","6.012374430121503"
"94181","7146313","53486951","972448","66.35004448454227"
"83958","5284952","45835298","2191708","71.89909303595832"
"13683","8064876","35924485","5324841","52.49433100195916"
"27815","4577589","88727429","2733885","17.646623076957702"
"56660","5834118","8032970","8290346","51.841252995763156"
"84265","160630","47060273","5420219","77.18451994959327"
"47946","9145371","81506089","1851799","53.740597278155676"
"34648","3026274","34120115","6606366","51.06740404551642"
"12319","3068835","70162027","3001969","83.66324075366175"
"62786","2145316","8027202","624611","86.26014724738805"
"16591","527777","39130018","1774065","67.29534041463404"
"77274","6911991","8243391","8244722","76.7872615937715"
"34413","1156398","59653996","1367541","57.52623324158617"
"22067","9127412","31061297","5504697","36.53468593591895"
"3438","2214518","34838532","6653487","86.12347696883653"
"98815","8311064","32586650","7795326","92.68232767273894"
"89935","2682798","90248644","3798238","63.5601113258365"
"94408","1928099","28115820","2947756","3.0638851376833642"
"13853","3954249","88398597","6261067","84.9587871579893"
"48901","3888420","99948588","9322622","73.17274600902059"
"80954","3528453","93921683","3625601","36.84527209925156"
"1111","5867547","94483257","345297","98.24575067936608"
"36580","698648","36079937","3093807","87.6006600147839"
"71028","8127028","42660236","9958778","34.09057554067923"
"66211","981285","53717412","1375347","42.11070722304016"
"26181","9877758","12281910","9591367","81.34394376597925"
"43993","1046375","51276142","3542845","77.411749897522"
"48491","9636973","41221917","8180354","96.28281396195204"
"13620","128827","89881240","2901340","77.12049296333421"
"21294","1289989","63194407","3091737","99.04351464442414"
"34781","2028021","149127","131640","6.519309783953653"
"81174","3069791","61480895","7647520","70.60748352680504"
"77885","7407427","39730937","6416822","46.1039972948273"
"53585","614328","77311717","2103752","33.81253453355456"
"15340","9347454","71013538","4176892","41.139160821305424"
"54924","7193357","91347930","3304046","30.260293445309184"
"24830","2781602","87885419","1575899","15.099555009464405"
"93907","2994278","9397615","7391964","35.15683771597771"
"74990","1907045","84533327","7789902","2.884963525097406"
"48046","742843","82148338","2294549","67.84803940954576"
"18032","1582699","28262877","9952935","56.65550099863751"
"97441","2805116","54193232","8660896","12.527650862896234"
"98431","5512781","37711697","9424377","23.236458743565503"
"84819","7651169","50274704","2836486","3.601612595537018"
"85062","1985864","62327737","8735114","19.242735999784045"
"93069","7139837","62767442","7532165","68.06111300624346"
"65781","2609215","41364175","3372369","17.31648070662417"
"4159","6586784","96259180","1285606","56.706740985376754"
"13291","9378031","38272432","5980408","27.05111033166656"
"11276","8481502","86940543","9677488","72.88621191764688"
"47040","9601143","28806894","9055872","90.18483949586445"
"72427","9231742","2612491","5325573","29.314921284674"
"17252","4522271","72012784","3776563","52.78463903207184"
"62925","7769157","36262057","5618333","95.09062478031942"
"14156","9648430","4493180","9052075","77.44873570732442"
"36","8124774","73642333","3898857","69.18528131512065"
"74703","3182831","49947269","1633245","6.274755851695657"
"91184","1799825","78545616","7054459","84.9367562702043"
"21000","5904548","51218734","3562192","14.008882023256907"
"79291","1509926","65629319","5985960","23.978809270529855"
"29055","8215834","5041488","1661273","67.35742192976889"
"40377","275501","59874583","1570610","4.677981468443837"
"82547","8471991","17598561","565403","62.97780905026378"
"2974","7810236","25075193","9846930","42.585128417454854"
"42748","321619","67759441","1153858","55.072327884340964"
"62964","618212","48975949","9964416","44.35298372582793"
"47111","5184357","32466518","3160891","11.630204170546198"
"88133","9861062","98364997","2319736","47.24676689697229"
"40889","3550320","90707805","7729799","33.15128818236851"
"87725","230733","97512212","3744612","26.853086261131274"
"45926","1571458","8991767","1450416","86.24521373997297"
"51332","188159","59015067","9833697","36.06396193390534"
"86838","7036638","61605030","4207718","1.7308380694835312"
"55502","9504757","57506201","7293601","89.82754890030425"
"20700","6122434","89994219","6934059","2.737902401193748"
"73895","967409","9853845","5851128","68.54840645862552"
"33211","4300107","88022645","7724721","32.85582508452822"
"11478","8926487","7754835","5106044","88.25090457597608"
"83647","5470973","87388432","9077197","78.54017398722401"
"70612","195259","72930296","3662028","60.99057647724726"
"74300","186600","62644208","4889356","40.670529438572245"
"24129","7924962","62077379","1149945","26.247977140497504"
"12591","6799725","90064768","7982316","35.185788038566244"
"69388","4671180","54261360","920715","78.34398070914793"
"49238","6796326","51861972","2883502","55.87433037508384"
"27877","9575862","62537780","3053731","99.8873875670015"
"42997","3000556","46715055","1231694","38.373712795854246"
"45641","6983334","25422679","2679878","63.95622019156188"
"68207","35194","17856570","1640604","33.88222097720072"
"43218","3064935","76795514","1026881","13.611408831985939"
"67750","3453751","93696586","6951533","55.58489608342754"
"9984","602781","41201005","5510449","15.371413020020563"
"34648","6498841","93278549","2051058","57.86876123966472"
"74352","3951994","25528245","2754466","10.802028742409409"
"94495","9925166","58182393","8073650","66.50333856692984"
"48895","1232662","54683808","6940640","28.19797752424997"
"49452","4134973","28372528","3142299","1.48736049787479"
"41571","9354340","8499725","8647123","33.69015433033978"
"1673","3448977","91181852","2317371","38.54305090463617"
"2255","4838729","40285380","923275","90.68030379733814"
"44369","1949918","50434931","3919380","91.54499715701189"
"32296","6416335","2362486","4784740","99.39687429580123"
"35829","1160005","85788560","5411221","78.70837130143859"
"21809","4579967","11857242","3505612","19.13243240794966"
"78037","9123963","11150110","842030","58.275860469341"
"45112","9973589","89817708","297512","47.352767637678625"
"40896","9966734","46261609","7208323","93.81579568374427"
"44323","6176725","7299916","1040989","78.78632151715628"
"46097","4958671","19065163","214345","80.09558718042678"
"10051","1083587","6507447","3155826","78.67324912105074"
"75311","2924243","17781432","3548598","33.78132551385223"
"95899","8281080","3637421","2356827","35.87686685234927"
"3592","4566173","73187310","9863322","20.83110048123823"
"10292","3583832","48267559","1297497","70.27500373712076"
"41906","9011679","92294981","8992019","57.22808354149523"
"75657","1869672","53806716","6671238","34.930325503746204"
"65159","7958373","25694871","5501158","20.409346147868067"
"30418","7033092","54868568","9578229","5.6005531788926755"
"22755","4898330","33823828","9014001","45.09474350047197"
"74104","4810678","33253728","4128255","90.24238994022663"
"47044","8017325","9232941","7632069","34.85145208315766"
"57276","9428778","12345197","259361","19.77506063305272"
"82311","581332","2735715","7367641","96.22609586419235"
"8076","316230","80784748","2463625","22.42659327961126"
"31522","8408122","62185140","5889121","28.157169157090976"
"70699","2562527","56391127","1559734","50.0131106668815"
"12155","2155753","13411781","3972309","4.756991436594049"
"3246","2688603","62923593","1690635","76.6879616182714"
"46004","3019142","93191093","9023053","38.93676430919687"
"5065","2603790","43844696","5645603","92.9827152426204"
"86561","9544215","38545506","5086882","36.70165792752077"
"73301","4502995","3262086","8830860","98.94399979829095"
"37222","6382364","83532624","8506895","79.86901965095718"
"73921","8806101","60159778","3906531","55.503442576730734"
"78583","7657241","2833359","4210057","67.60559715653962"
"83254","6503589","54752234","125977","6.7357806177553385"
"24572","4596420","82796816","4137891","69.15778985361474"
"4626","5315065","61031544","7577957","2.1593583898470325"
"58517","3008340","30031195","3121030","69.65992779690853"
"31739","6785290","38795200","8378708","70.11780419366325"
"56292","8076267","18245223","1339154","46.23135519905017"
"7640","705937","41077182","6551922","20.39084166371703"
"70385","6462376","80845259","2970524","56.96523552678799"
"95907","8896742","1109813","2605084","90.34287162400793"
"5262","7274580","91288730","5748045","94.94368179014644"
"40547","199101","15772140","7368440","98.24526399820483"
"92014","9788051","68247324","3505541","56.18008101800317"
"96455","4731672","98330952","3005378","74.63942278140277"
"13373","3891325","4572785","175020","46.4155723367205"
"24810","7848629","96351120","9365242","96.71788337100932"
"20794","9583641","73578462","2768161","95.85009145250251"
"27237","4231451","58697789","5013072","81.28834759578488"
"58681","8047491","19890065","9380367","52.149310377490735"
"70969","441779","94117820","1364395","32.433972838563875"
"20886","734341","13554455","6374078","51.67744769179723"
"48240","2945292","92218034","2079006","70.30995814246066"
"6599","2843699","52173694","6910731","90.7892838552917"
"39506","5079942","51058812","9493493","61.387522117866325"
"26068","7071678","21264171","4525834","83.82699603926626"
"9196","1258612","88722895","1693014","52.844982811462536"
"48690","1352347","43062303","6916707","78.99457957163672"
"74765","7134421","21514253","9785566","49.69458231574466"
"61970","4649472","52374432","1140990","99.75666778485574"
"8008","2303074","68972217","1941854","10.282728512609063"
"71706","34559","99629311","8650068","99.21554402713745"
"34236","6441794","98105618","2879801","66.04586107703963"
"1084","7671627","7876476","8556251","95.22692263186073"
"34812","7867216","83465923","2673892","28.64931159712557"
"76972","8710798","18411598","6795798","82.20450630227037"
"39249","3735181","60907200","4416641","47.96651186482252"
"62196","9057644","76874695","3402816","29.659756352053833"
"52739","2021423","6014005","5069728","70.83707077363395"
"52427","1858846","38407581","143387","76.06194333668834"
"17119","8902094","25426848","9279516","33.42822786228532"
"93421","4100406","23610957","6213344","37.80691177743725"
"68506","6576815","23697927","3965719","1.7569060464969866"
"99179","6284531","28219040","5009229","59.86130362307562"
"52189","9766839","22661196","3355547","75.13736584418577"
"39242","4750792","25876568","8580559","99.59996520900808"
"87298","1900663","81048996","1846357","47.81916599903502"
"48690","5345271","9696492","9059411","25.762985815822283"
"48034","4438742","1858862","8701431","13.875451196789701"
"16420","7397709","82810487","2666549","27.297839210035455"
"29050","8421991","25684904","3041713","20.68389388756581"
"44470","7887617","21009848","866379","13.78194679375605"
"16491","7670480","1748804","6452052","65.49103539885391"
"33122","6757173","28595003","5008919","81.48880876499017"
"85254","2482907","12864674","1669771","68.13136703409111"
"82242","759953","4157597","2275344","53.00220730669809"
"10897","3011493","11477471","9451328","88.73959198560263"
"67680","49664","2033171","4398680","82.43655610310643"
"22186","1465299","91254922","8598678","88.99849248592561"
"45078","3540980","2706814","4130389","97.6298926861287"
"55168","9200498","33814888","2353322","73.28852026503084"
"11897","4766627","4480141","1492001","92.51660925408471"
"4621","5650803","68269441","9258405","66.65949029926345"
"72193","3556101","30600437","1394572","97.47321359468127"
"762","6237966","46756522","4629725","86.87814103442456"
"36767","1429336","15555653","402654","21.13073840833963"
"22454","6824756","20772846","4689054","71.02341263142496"
"37948","8938954","78506911","7579839","43.953447539276844"
"73108","5466207","12977748","2073456","65.1731194634088"
"20445","2838048","1301070","6127901","23.85931017717937"
"44099","6257755","29846977","3546379","77.24193520571947"
"59561","8594822","53984122","8966181","97.8826195655431"
"64741","4435227","996352","4318434","47.065793737810424"
"63599","7096575","72676868","8152418","42.570183357836946"
"86046","8581052","16752873","5957074","5.39113779560253"
"40107","7921906","16449140","8356094","18.01593680614243"
"82070","9354017","63432102","8390510","61.83903350827061"
"83792","7056087","87195415","8013468","14.213705688459822"
"57890","8915379","7881497","2901233","96.89686652057237"
"48072","7782918","95350318","8959063","33.68526591485407"
"20675","4913852","6199649","1377478","4.95421751227364"
"55903","2067875","37345097","5153404","6.665845146880079"
"4232","593028","28132093","8062479","54.705784603507844"
"3482","7234883","7428629","8537471","24.681084517366237"
"51887","8376665","17609535","3072868","86.88833257642295"
"78446","7222068","35481387","788667","94.8024033612481"
"33985","4779568","11156979","1819515","89.36988691213578"
"78686","9026849","95115669","5127923","43.20248735143808"
"76303","2125068","8706087","497403","2.84475103306282"
"55883","5484354","9112805","6603340","45.3067644706013"
"66536","5521040","38437458","9327502","94.18632510361078"
"35823","2775515","2474188","8149592","47.96503405506118"
"91585","7373315","66126601","2199259","0.11464588678626875"
"82040","8222495","30615585","6541608","2.4350559629868873"
"55860","2111045","92146135","1299115","48.76329684558217"
"50263","8643108","12246281","2744564","84.92282990988679"
"13865","1844440","85619507","8857507","44.63404709020578"
"16830","5659147","22024248","4851691","95.66517833946394"
"66943","4038800","4474259","177826","54.21022908136505"
"31536","3551800","59819358","90660","56.4681480831717"
"65229","5409889","32453030","7978304","87.16016041263653"
"65882","6718386","84831398","2682024","1.899010140182178"
"24937","6256587","82771622","1529322","88.72876488978221"
"64327","6833311","88533088","9793953","81.06764466313699"
"65203","8317421","63089108","1298981","41.90547610568086"
"21881","7068518","30772422","4311339","59.910164932955304"
"70450","1837995","86588933","6372837","89.77324019635337"
"69563","9302761","71439588","2763326","72.5764190904086"
"15268","5467909","55603810","3116433","87.77862032085184"
"11547","3183718","96104858","6945469","4.083505020451383"
"92988","9994366","28709942","697247","58.39520150833442"
"84156","5304433","89562564","3750567","63.67751518480227"
"74669","5813806","33108455","9478351","64.84854847050549"
"94161","2580249","7495553","1659999","2.880421952419676"
"72876","2433901","99883023","7417101","31.484342127962528"
"96045","5047453","16314777","9047841","47.210942082558674"
"93913","5380260","25917868","3067119","93.43380351239342"
"2719","3831377","58649344","2157452","3.967711501456772"
"8806","8641081","60568443","400208","52.09069620015985"
"34563","8030234","83274580","7858131","25.118924403857356"
"35403","58257","69069507","5438126","20.0295092911146"
"1402","1998714","96929082","6994252","11.581288566970382"
"16373","1249138","65320482","8575767","19.555132952212183"
"40725","7681514","87921272","1638030","56.57477880327725"
"16945","9650585","56774924","9071306","73.85720566526379"
"61944","9010648","8771130","7477913","37.73918739707182"
"41644","6066727","93782086","5396220","19.357263214193875"
"49691","4278663","83061890","4049696","44.58764281034158"
"36125","2712570","72581288","1289090","88.74085499155808"
"56515","7534480","32345315","8353284","61.58168452767864"
"91230","4650764","4954654","5015388","47.40987823123468"
"46578","9662932","83742037","9289334","60.16777281986835"
"47679","3033710","14696420","602377","59.83301159692984"
"54981","9174828","83987380","3478947","16.206571947037773"
"12842","3724138","53522073","4462685","64.37411402917958"
"80441","9821355","55051238","5970028","33.88089149041568"
"60059","4626687","16500884","2929085","87.16001963350931"
"55124","2367934","18076189","5523225","59.06544187778566"
"53650","7501199","59540751","9770998","5.583162367652661"
"92249","7174860","50876528","1001078","15.654174835885115"
"42638","5764655","46851733","2601177","17.531390650775826"
"22517","3199411","71953083","4691913","74.36267851273186"
"70080","2072400","85114706","3006571","62.2124785563856"
"36849","6922197","6778493","2524759","75.4769094395249"
"98402","5519521","59126784","2491967","34.00628296313079"
"86234","2485335","82572630","9471496","51.09477194609464"
"85627","6552855","10884466","3587692","76.31033858284086"
"2070","5144563","14957858","6808750","33.55946921458881"
"99321","7482771","7133897","6725155","80.27372898137406"
"24686","1604203","79329982","9207660","53.31066230596541"
"36946","411690","50547769","3887584","23.405158320500497"
"6554","6859941","25170013","3932346","78.27365854818318"
"32223","6259080","14142335","7528906","4.063526326858646"
"36117","9146462","65022094","5709709","56.78111672827993"
"58847","9107959","19146730","1457949","59.50016442828676"
"86759","1139838","20557013","3508379","98.92717203086117"
"12685","2397317","95419915","6841036","83.06570296474273"
"73009","2284306","21838059","3848005","67.67850043302643"
"32070","3206217","63992579","2184492","77.00330899211653"
"74304","3705313","25382812","1866646","74.93651989940506"
"76066","7139790","66846319","2471634","23.443370108512006"
"67961","3088670","79393861","6044912","61.42302649727445"
"64021","180881","37870586","9185415","21.24955327636381"
"77478","1098947","22212079","6742095","28.548717358949403"
"86410","3197101","2330248","1421401","99.63711331309457"
"39171","8234247","26539539","4935085","29.558653337941443"
"79205","5426847","66534914","2357722","71.32341116242775"
"11567","5545966","35059187","83213","83.90652749278613"
"20634","4960044","1689547","7024366","54.6472946123245"
"63354","6838022","54384282","4098844","69.10383653658741"
"18454","5023079","41503174","1987781","62.81539441715237"
"57903","2153657","80725369","6321018","57.77160024484124"
"88785","441815","9305609","7061489","2.343974755997791"
"54342","7141957","79901606","2019487","92.2793339490573"
"74837","1401149","90022443","5236761","25.94684118341214"
"93650","3127761","73823417","6726369","36.61433284070158"
"46679","5221500","15929902","6518995","67.5923925350018"
"32362","4093858","82136653","2125082","74.84732925376825"
"72024","2847770","93697297","639896","30.173327402510154"
"62558","6095604","94277145","8505198","71.04891202550182"
"64544","1878123","30520316","2057944","66.09527242670944"
"84032","8564203","69380274","2959539","98.50316446491911"
"24894","319701","39078160","3609654","65.92769072124605"
"27124","7119153","28103398","7421426","41.7363862898356"
"67624","5228214","76899283","1664086","63.841465220869765"
"38429","2933281","95538366","4181523","76.84297882262894"
"95251","3934059","81164094","9947099","55.5894545213169"
"10894","3587625","38463000","6696349","20.898285819354278"
"48950","580595","45013355","9189109","65.91374814334672"
"27122","4087223","12242663","9610531","85.38761139655938"
"79625","5408696","8560358","4870046","69.06821544208351"
"48769","6332754","2275856","1599299","70.47774365968297"
"14556","5702390","45826455","99182","66.14684842778532"
"27559","9125713","57473515","8450513","43.975155746559565"
"89758","130876","67501905","1799436","24.564366050826848"
"60890","7307824","78692444","7047449","81.75464457463207"
"87604","5453336","26609410","5896652","42.740095048252336"
"20961","5263621","97183124","5744073","24.54154813259165"
"29531","8460504","20162688","5786464","82.12128021081836"
"73444","814746","16521072","3953397","71.865859478477"
"80836","5338995","30874100","6651310","10.4173194313402"
"88220","7816733","72214645","9089341","78.8906586769885"
"43698","6698510","15192302","5849033","86.50886224228788"
"24287","1470588","17184877","3637778","10.201128043483143"
"72857","4760740","49112589","9848067","37.08994093155435"
"92048","5954772","28512426","5427102","99.51234085963043"
"76669","670278","66333265","3714984","86.77919239783256"
"46761","3165455","53611229","4897737","52.03972995964327"
"83662","9984904","3494151","5865293","2.2174853511325088"
"60686","8711317","71040922","1171041","41.83894566391517"
"81572","2224132","86642776","3541455","52.51072209884481"
"40120","9392547","54193268","8557402","8.062556050725533"
"4420","4736128","5635958","1756256","15.172975605477223"
"77890","62528","39831735","4510011","48.537834671578715"
"91671","48563","36889708","3258052","21.308278008361693"
"21788","841686","88694735","439074","76.51878201696235"
"38154","6992174","77083274","4930209","24.909020172855556"
"91122","6495845","61040955","7872742","25.51945824959907"
"12462","7833054","88659826","7579516","48.55193941173056"
"70367","2936667","59825974","8069475","9.845830502166352"
"37557","325686","27866314","2144840","37.08363171266858"
"15868","7733896","35679724","9646171","25.297597702344"
"59791","7583474","22636422","6563233","88.68858403384222"
"37351","1578677","93140572","9204607","79.43587518683142"
"84616","4878590","18366169","4446239","11.543112352018136"
"65786","3246940","20478423","2573078","96.17038897564926"
"79239","1402878","34908352","6030541","17.535741095033796"
"21618","6858746","96930076","3282110","41.01163424644194"
"95308","3923695","17742657","4913426","84.47040272475459"
"68072","1871767","11626582","9658870","83.85187982076849"
"93139","9939314","84581325","2859873","87.24463716459952"
"73137","246845","93361668","5221292","89.47095456338036"
"24659","9066864","33732572","8247257","86.72090081136287"
"12102","5806093","38365274","3330514","26.894087838844506"
"27749","2162790","32191712","154309","97.53929481246777"
"4308","5083054","28573980","8611215","23.742373589943156"
"20309","7238271","42970608","4542281","93.13422030392003"
"18623","9146920","60866726","1171599","52.91166826531312"
"38537","4436899","69291766","8319973","95.67381098256882"
"43535","7553993","27232881","5867025","92.05582876306504"
"42373","4553834","21993230","9331467","84.30922329310486"
"55792","29981","74036413","2531094","57.089006378004534"
"14389","3418791","32904691","8091750","76.22397164160797"
"30784","2937618","59358544","1897647","45.805120857441885"
"50258","4408855","10913434","321457","5.0910108555740745"
"90953","7165230","538469","9984617","78.2959752675065"
"26404","4101165","7629545","4908856","77.61869549818941"
"32694","7504887","51764904","1748575","57.24204582821615"
"33934","5924483","10881418","1191797","31.774810750496783"
"37386","3832806","80441190","6957796","87.19953058074631"
"49904","2707047","82823138","2722642","93.08710596808615"
"48563","9864976","6303691","4562132","86.24900923707324"
"96750","7151239","95497766","3811327","38.38299351098507"
"87909","9860058","86671179","1296383","24.02751079631117"
"63223","6150723","24622073","4871077","30.24123320202603"
"7071","7363371","90926649","7911917","73.75992680852667"
"56630","3259462","21202463","2592910","77.97842376835878"
"87753","4833568","6105608","4050638","0.5896494556729137"
"92840","8680619","19293944","6655039","93.80522963194097"
"21520","1595166","65974258","1583908","97.41037049935672"
"24955","3010840","25884429","5332029","77.36935837615329"
"51803","4391348","75822699","5253173","34.778213181303705"
"24281","3377923","62151399","2298772","0.028034142773092352"
"91865","1830426","598241","1150634","72.65143281180113"
"5438","83928","7070255","9199767","46.77105385059143"
"89603","5859157","20444140","3481508","96.22940533395972"
"39087","4477292","81928296","3773899","53.603793858178065"
"96473","5324410","82321438","1391860","82.96485037113402"
"76671","5841302","12147537","3792875","12.218563970962816"
"351","784919","38024042","1148655","31.299874857832076"
"26082","8451557","70034148","1399693","94.6531860252495"
"51067","5019064","65133884","3648872","16.364532833425947"
"60536","6601972","61142765","3208683","2.349639426710748"
"67286","5742478","34306845","2838975","14.160325994339118"
"9215","734434","99066960","4005316","42.07129772999103"
"51347","3912754","47789577","3956895","25.212131300723662"
"25342","8194406","79380964","8797545","74.4406019206992"
"6103","9809807","15647832","3888077","38.830256197910806"
"20210","4472839","88196845","101596","16.783208275075346"
"91583","355430","90974029","6406052","78.43649525966921"
"18175","883185","31509825","6435867","31.310314219602354"
"26591","8368499","66492742","6140197","11.268872748163039"
"49596","2346219","56334850","9895939","11.676697714796502"
"12198","7427126","2290056","4233907","57.52116300961413"
"26403","2332525","20799227","8002392","38.29328792030948"
"37203","3615445","78080431","783332","95.864833743263"
"32892","447191","90135458","9388137","96.5634782139739"
"10394","8650533","99745975","8153083","96.54978322941903"
"41357","7033028","70206642","5351769","7.0025231053564845"
"23264","8632528","33089202","1442299","68.03072495078699"
"98633","1854213","14155883","6161024","64.9774813768299"
"56","9055513","41199375","4580958","37.400174406846595"
"48858","9292977","94938992","5516537","16.997172960033435"
"47232","1824195","20562538","5339109","69.80373691162679"
"61089","662852","97384126","5307898","59.479782734780116"
"21399","4728639","63379500","1243865","77.18268154530975"
"66530","7560296","25253621","8943822","32.61764108674966"
"48717","9189581","91024775","1919859","40.00653275389428"
"79340","7161244","44403927","4242896","22.174603081446442"
"42923","4873904","50987884","5783668","75.2117479612043"
"59543","2367417","22923182","2190688","83.36369661545238"
"4113","9008936","89298741","5820269","74.36756330228485"
"29300","1403696","19025668","1354551","64.58520362896739"
"10718","3252039","11712148","1098747","44.19794716203752"
"97473","1958826","91663843","8364471","48.42176439132104"
"404","2788771","74018477","2964008","32.62083468597916"
"66046","3617220","43933247","1109078","79.50158844033278"
"77790","2442272","16151372","1659876","54.538242652630984"
"89060","8431598","50663032","403118","95.56094961512808"
"49851","5412577","19836473","2725030","91.29154944423968"
"861","2578536","99074820","1321132","26.67953006489734"
"44827","6613203","95536304","839722","32.35590479071012"
"81783","2793696","44869683","4218971","18.949668320035194"
"97070","3788638","57099253","8948559","11.49079063061934"
"25913","3271475","20232467","2347476","94.74625896244956"
"91525","3634354","57304588","3730068","8.381219838282227"
"99967","5212999","84392314","852301","58.947519831948355"
"73816","6529458","56907405","4957752","4.175062853103128"
"72330","8678922","3567146","1961411","55.26627068582073"
"40783","3444743","99097758","7269492","0.8128525954880561"
"95832","9335057","2710550","8058958","30.321589216148748"
"79301","105547","88578562","5880798","12.411077179794528"
"15642","749784","61500875","1668360","65.93441742439641"
"64591","2120152","50606167","2035940","77.13972126670323"
"24492","2263834","32439027","7965600","37.77825735801314"
"47971","4942901","68990310","2755050","2.158860268446139"
"81799","2637269","46030077","3324425","76.05488261237015"
"53628","4768421","77136795","5966729","66.56339284191006"
"93722","2457573","56629983","840387","71.08032835574214"
"47554","70101","8094364","3142637","59.43389365997306"
"92959","1480387","86373123","7414859","43.030976600761925"
"14735","5212200","28313341","5415378","5.6961985862894915"
"71314","2704096","82515527","1349804","94.77335749567452"
"74805","1936808","82390553","5369380","32.43164376862413"
"57667","7384234","17694759","2186537","83.5321554380659"
"57923","280979","92877829","2590009","95.62036065656666"
"660","3005475","34676990","5712398","79.67383152558381"
"10511","9369479","85812902","1634740","32.295556507043784"
